ds,y
6/1/2003,74.59
6/2/2003,74.59
6/3/2003,74.59
6/4/2003,74.59
6/5/2003,74.59
6/6/2003,74.59
6/7/2003,74.59
6/8/2003,74.59
6/9/2003,74.47
6/10/2003,74.47
6/11/2003,74.47
6/12/2003,74.47
6/13/2003,74.47
6/14/2003,74.47
6/15/2003,74.47
6/16/2003,74.42
6/17/2003,74.42
6/18/2003,74.42
6/19/2003,74.42
6/20/2003,74.42
6/21/2003,74.42
6/22/2003,74.42
6/23/2003,74.35
6/24/2003,74.35
6/25/2003,74.35
6/26/2003,74.35
6/27/2003,74.35
6/28/2003,74.35
6/29/2003,74.35
6/30/2003,74.28
7/1/2003,74.28
7/2/2003,74.28
7/3/2003,74.28
7/4/2003,74.28
7/5/2003,74.28
7/6/2003,74.28
7/7/2003,74.21
7/8/2003,74.21
7/9/2003,74.21
7/10/2003,74.21
7/11/2003,74.21
7/12/2003,74.21
7/13/2003,74.21
7/14/2003,75.07
7/15/2003,75.07
7/16/2003,75.07
7/17/2003,75.07
7/18/2003,75.07
7/19/2003,75.07
7/20/2003,75.07
7/21/2003,75.1
7/22/2003,75.1
7/23/2003,75.1
7/24/2003,75.1
7/25/2003,75.1
7/26/2003,75.1
7/27/2003,75.1
7/28/2003,75.12
7/29/2003,75.12
7/30/2003,75.12
7/31/2003,75.12
8/1/2003,75.12
8/2/2003,75.12
8/3/2003,75.12
8/4/2003,75.44
8/5/2003,75.44
8/6/2003,75.44
8/7/2003,75.44
8/8/2003,75.44
8/9/2003,75.44
8/10/2003,75.44
8/11/2003,75.81
8/12/2003,75.81
8/13/2003,75.81
8/14/2003,75.81
8/15/2003,75.81
8/16/2003,75.81
8/17/2003,75.81
8/18/2003,76.05
8/19/2003,76.05
8/20/2003,76.05
8/21/2003,76.05
8/22/2003,76.05
8/23/2003,76.05
8/24/2003,76.05
8/25/2003,76.05
8/26/2003,76.13
8/27/2003,76.13
8/28/2003,76.13
8/29/2003,76.13
8/30/2003,76.13
8/31/2003,76.13
9/1/2003,76.23
9/2/2003,76.23
9/3/2003,76.23
9/4/2003,76.23
9/5/2003,76.23
9/6/2003,76.23
9/7/2003,76.23
9/8/2003,76.2
9/9/2003,76.2
9/10/2003,76.2
9/11/2003,76.2
9/12/2003,76.2
9/13/2003,76.2
9/14/2003,76.2
9/15/2003,76.15
9/16/2003,76.15
9/17/2003,76.15
9/18/2003,76.15
9/19/2003,76.15
9/20/2003,76.15
9/21/2003,76.15
9/22/2003,76.08
9/23/2003,76.08
9/24/2003,76.08
9/25/2003,76.08
9/26/2003,76.08
9/27/2003,76.08
9/28/2003,76.08
9/29/2003,76.43
9/30/2003,76.43
10/1/2003,76.43
10/2/2003,76.43
10/3/2003,76.43
10/4/2003,76.43
10/5/2003,76.43
10/6/2003,75.9
10/7/2003,75.9
10/8/2003,75.9
10/9/2003,75.9
10/10/2003,75.9
10/11/2003,75.9
10/12/2003,75.9
10/13/2003,76.05
10/14/2003,76.05
10/15/2003,76.05
10/16/2003,76.05
10/17/2003,76.05
10/18/2003,76.05
10/19/2003,76.05
10/20/2003,76
10/21/2003,76
10/22/2003,76
10/23/2003,76
10/24/2003,76
10/25/2003,76
10/26/2003,76
10/27/2003,76
10/28/2003,76
10/29/2003,76
10/30/2003,76
10/31/2003,76
11/1/2003,76
11/2/2003,76
11/3/2003,75.94
11/4/2003,75.94
11/5/2003,75.94
11/6/2003,75.94
11/7/2003,75.94
11/8/2003,75.94
11/9/2003,75.94
11/10/2003,75.93
11/11/2003,75.93
11/12/2003,75.93
11/13/2003,75.93
11/14/2003,75.93
11/15/2003,75.93
11/16/2003,75.93
11/17/2003,76.02
11/18/2003,76.02
11/19/2003,76.02
11/20/2003,76.02
11/21/2003,76.02
11/22/2003,76.02
11/23/2003,76.02
11/24/2003,76
11/25/2003,76
11/26/2003,76
11/27/2003,76
11/28/2003,76
11/29/2003,76
11/30/2003,76
12/1/2003,75.97
12/2/2003,75.97
12/3/2003,75.97
12/4/2003,75.97
12/5/2003,75.97
12/6/2003,75.97
12/7/2003,75.97
12/8/2003,75.96
12/9/2003,75.96
12/10/2003,75.96
12/11/2003,75.96
12/12/2003,75.96
12/13/2003,75.96
12/14/2003,75.96
12/15/2003,75.92
12/16/2003,75.92
12/17/2003,75.92
12/18/2003,75.92
12/19/2003,75.92
12/20/2003,75.92
12/21/2003,75.92
12/22/2003,75.94
12/23/2003,75.94
12/24/2003,75.94
12/25/2003,75.94
12/26/2003,75.94
12/27/2003,75.94
12/28/2003,75.94
12/29/2003,75.88
12/30/2003,75.88
12/31/2003,75.88
1/1/2004,75.88
1/2/2004,75.88
1/3/2004,75.88
1/4/2004,75.88
1/5/2004,75.9
1/6/2004,75.9
1/7/2004,75.9
1/8/2004,75.9
1/9/2004,75.9
1/10/2004,75.9
1/11/2004,75.9
1/12/2004,76.36
1/13/2004,76.36
1/14/2004,76.36
1/15/2004,76.36
1/16/2004,76.36
1/17/2004,76.36
1/18/2004,76.36
1/19/2004,76.44
1/20/2004,76.44
1/21/2004,76.44
1/22/2004,76.44
1/23/2004,76.44
1/24/2004,76.44
1/25/2004,76.44
1/26/2004,76.48
1/27/2004,76.48
1/28/2004,76.48
1/29/2004,76.48
1/30/2004,76.48
1/31/2004,76.48
2/1/2004,76.48
2/2/2004,76.5
2/3/2004,76.5
2/4/2004,76.5
2/5/2004,76.5
2/6/2004,76.5
2/7/2004,76.5
2/8/2004,76.5
2/9/2004,76.44
2/10/2004,76.44
2/11/2004,76.44
2/12/2004,76.44
2/13/2004,76.44
2/14/2004,76.44
2/15/2004,76.44
2/16/2004,76.38
2/17/2004,76.38
2/18/2004,76.38
2/19/2004,76.38
2/20/2004,76.38
2/21/2004,76.38
2/22/2004,76.38
2/23/2004,76.32
2/24/2004,76.32
2/25/2004,76.32
2/26/2004,76.32
2/27/2004,76.32
2/28/2004,76.32
2/29/2004,76.32
3/1/2004,76.73
3/2/2004,76.73
3/3/2004,76.73
3/4/2004,76.73
3/5/2004,76.73
3/6/2004,76.73
3/7/2004,76.73
3/8/2004,77.39
3/9/2004,77.39
3/10/2004,77.39
3/11/2004,77.39
3/12/2004,77.39
3/13/2004,77.39
3/14/2004,77.39
3/15/2004,77.44
3/16/2004,77.44
3/17/2004,77.44
3/18/2004,77.44
3/19/2004,77.44
3/20/2004,77.44
3/21/2004,77.44
3/22/2004,77.59
3/23/2004,77.59
3/24/2004,77.59
3/25/2004,77.59
3/26/2004,77.59
3/27/2004,77.59
3/28/2004,77.59
3/29/2004,77.86
3/30/2004,77.86
3/31/2004,77.86
4/1/2004,77.86
4/2/2004,77.86
4/3/2004,77.86
4/4/2004,77.86
4/5/2004,77.88
4/6/2004,77.88
4/7/2004,77.88
4/8/2004,77.88
4/9/2004,77.88
4/10/2004,77.88
4/11/2004,77.88
4/12/2004,78.04
4/13/2004,78.04
4/14/2004,78.04
4/15/2004,78.04
4/16/2004,78.04
4/17/2004,78.04
4/18/2004,78.04
4/19/2004,78.4
4/20/2004,78.4
4/21/2004,78.4
4/22/2004,78.4
4/23/2004,78.4
4/24/2004,78.4
4/25/2004,78.4
4/26/2004,79.28
4/27/2004,79.28
4/28/2004,79.28
4/29/2004,79.28
4/30/2004,79.28
5/1/2004,79.28
5/2/2004,79.28
5/3/2004,79.28
5/4/2004,80.3
5/5/2004,80.3
5/6/2004,80.3
5/7/2004,80.3
5/8/2004,80.3
5/9/2004,80.3
5/10/2004,81.49
5/11/2004,81.49
5/12/2004,81.49
5/13/2004,81.49
5/14/2004,81.49
5/15/2004,81.49
5/16/2004,81.49
5/17/2004,82.13
5/18/2004,82.13
5/19/2004,82.13
5/20/2004,82.13
5/21/2004,82.13
5/22/2004,82.13
5/23/2004,82.13
5/24/2004,82.35
5/25/2004,82.35
5/26/2004,82.35
5/27/2004,82.35
5/28/2004,82.35
5/29/2004,82.35
5/30/2004,82.35
5/31/2004,82.44
6/1/2004,82.44
6/2/2004,82.44
6/3/2004,82.44
6/4/2004,82.44
6/5/2004,82.44
6/6/2004,82.44
6/7/2004,81.54
6/8/2004,81.54
6/9/2004,81.54
6/10/2004,81.54
6/11/2004,81.54
6/12/2004,81.54
6/13/2004,81.54
6/14/2004,81.04
6/15/2004,81.04
6/16/2004,81.04
6/17/2004,81.04
6/18/2004,81.04
6/19/2004,81.04
6/20/2004,81.04
6/21/2004,80.41
6/22/2004,80.41
6/23/2004,80.41
6/24/2004,80.41
6/25/2004,80.41
6/26/2004,80.41
6/27/2004,80.41
6/28/2004,79.87
6/29/2004,79.87
6/30/2004,79.87
7/1/2004,79.87
7/2/2004,79.87
7/3/2004,79.87
7/4/2004,79.87
7/5/2004,80.34
7/6/2004,80.34
7/7/2004,80.34
7/8/2004,80.34
7/9/2004,80.34
7/10/2004,80.34
7/11/2004,80.34
7/12/2004,80.84
7/13/2004,80.84
7/14/2004,80.84
7/15/2004,80.84
7/16/2004,80.84
7/17/2004,80.84
7/18/2004,80.84
7/19/2004,80.87
7/20/2004,80.87
7/21/2004,80.87
7/22/2004,80.87
7/23/2004,80.87
7/24/2004,80.87
7/25/2004,80.87
7/26/2004,80.86
7/27/2004,80.86
7/28/2004,80.86
7/29/2004,80.86
7/30/2004,80.86
7/31/2004,80.86
8/1/2004,80.86
8/2/2004,81.18
8/3/2004,81.18
8/4/2004,81.18
8/5/2004,81.18
8/6/2004,81.18
8/7/2004,81.18
8/8/2004,81.18
8/9/2004,81.25
8/10/2004,81.25
8/11/2004,81.25
8/12/2004,81.25
8/13/2004,81.25
8/14/2004,81.25
8/15/2004,81.25
8/16/2004,81.51
8/17/2004,81.51
8/18/2004,81.51
8/19/2004,81.51
8/20/2004,81.51
8/21/2004,81.51
8/22/2004,81.51
8/23/2004,81.53
8/24/2004,81.53
8/25/2004,81.53
8/26/2004,81.53
8/27/2004,81.53
8/28/2004,81.53
8/29/2004,81.53
8/30/2004,81.53
8/31/2004,81.37
9/1/2004,81.37
9/2/2004,81.37
9/3/2004,81.37
9/4/2004,81.37
9/5/2004,81.37
9/6/2004,81.31
9/7/2004,81.31
9/8/2004,81.31
9/9/2004,81.31
9/10/2004,81.31
9/11/2004,81.31
9/12/2004,81.31
9/13/2004,81.28
9/14/2004,81.28
9/15/2004,81.28
9/16/2004,81.28
9/17/2004,81.28
9/18/2004,81.28
9/19/2004,81.28
9/20/2004,81.63
9/21/2004,81.63
9/22/2004,81.63
9/23/2004,81.63
9/24/2004,81.63
9/25/2004,81.63
9/26/2004,81.63
9/27/2004,82.05
9/28/2004,82.05
9/29/2004,82.05
9/30/2004,82.05
10/1/2004,82.05
10/2/2004,82.05
10/3/2004,82.05
10/4/2004,83.11
10/5/2004,83.11
10/6/2004,83.11
10/7/2004,83.11
10/8/2004,83.11
10/9/2004,83.11
10/10/2004,83.11
10/11/2004,83.35
10/12/2004,83.35
10/13/2004,83.35
10/14/2004,83.35
10/15/2004,83.35
10/16/2004,83.35
10/17/2004,83.35
10/18/2004,83.94
10/19/2004,83.94
10/20/2004,83.94
10/21/2004,83.94
10/22/2004,83.94
10/23/2004,83.94
10/24/2004,83.94
10/25/2004,84.27
10/26/2004,84.27
10/27/2004,84.27
10/28/2004,84.27
10/29/2004,84.27
10/30/2004,84.27
10/31/2004,84.27
11/1/2004,84.34
11/2/2004,84.34
11/3/2004,84.34
11/4/2004,84.34
11/5/2004,84.34
11/6/2004,84.34
11/7/2004,84.34
11/8/2004,84.26
11/9/2004,84.26
11/10/2004,84.26
11/11/2004,84.26
11/12/2004,84.26
11/13/2004,84.26
11/14/2004,84.26
11/15/2004,81.46
11/16/2004,81.46
11/17/2004,81.46
11/18/2004,81.46
11/19/2004,81.46
11/20/2004,81.46
11/21/2004,81.46
11/22/2004,84.17
11/23/2004,84.17
11/24/2004,84.17
11/25/2004,84.17
11/26/2004,84.17
11/27/2004,84.17
11/28/2004,84.17
11/29/2004,84.06
11/30/2004,84.06
12/1/2004,84.06
12/2/2004,84.06
12/3/2004,84.06
12/4/2004,84.06
12/5/2004,84.06
12/6/2004,82.73
12/7/2004,82.73
12/8/2004,82.73
12/9/2004,82.73
12/10/2004,82.73
12/11/2004,82.73
12/12/2004,82.73
12/13/2004,81.46
12/14/2004,81.46
12/15/2004,81.46
12/16/2004,81.46
12/17/2004,81.46
12/18/2004,81.46
12/19/2004,81.46
12/20/2004,81.2
12/21/2004,81.2
12/22/2004,81.2
12/23/2004,81.2
12/24/2004,81.2
12/25/2004,81.2
12/26/2004,81.2
12/27/2004,81.17
12/28/2004,81.17
12/29/2004,81.17
12/30/2004,81.17
12/31/2004,81.17
1/1/2005,81.17
1/2/2005,81.17
1/3/2005,79.84
1/4/2005,79.84
1/5/2005,79.84
1/6/2005,79.84
1/7/2005,79.84
1/8/2005,79.84
1/9/2005,79.84
1/10/2005,78.93
1/11/2005,78.93
1/12/2005,78.93
1/13/2005,78.93
1/14/2005,78.93
1/15/2005,78.93
1/16/2005,78.93
1/17/2005,78.93
1/18/2005,78.93
1/19/2005,78.93
1/20/2005,78.93
1/21/2005,78.93
1/22/2005,78.93
1/23/2005,78.93
1/24/2005,79.54
1/25/2005,79.54
1/26/2005,79.54
1/27/2005,79.54
1/28/2005,79.54
1/29/2005,79.54
1/30/2005,79.54
1/31/2005,79.84
2/1/2005,79.84
2/2/2005,79.84
2/3/2005,79.84
2/4/2005,79.84
2/5/2005,79.84
2/6/2005,79.84
2/7/2005,80.03
2/8/2005,80.03
2/9/2005,80.03
2/10/2005,80.03
2/11/2005,80.03
2/12/2005,80.03
2/13/2005,80.03
2/14/2005,80.15
2/15/2005,80.15
2/16/2005,80.15
2/17/2005,80.15
2/18/2005,80.15
2/19/2005,80.15
2/20/2005,80.15
2/21/2005,80.45
2/22/2005,80.45
2/23/2005,80.45
2/24/2005,80.45
2/25/2005,80.45
2/26/2005,80.45
2/27/2005,80.45
2/28/2005,81.16
3/1/2005,81.16
3/2/2005,81.16
3/3/2005,81.16
3/4/2005,81.16
3/5/2005,81.16
3/6/2005,81.16
3/7/2005,81.64
3/8/2005,81.64
3/9/2005,81.64
3/10/2005,81.64
3/11/2005,81.64
3/12/2005,81.64
3/13/2005,81.64
3/14/2005,82.7
3/15/2005,82.7
3/16/2005,82.7
3/17/2005,82.7
3/18/2005,82.7
3/19/2005,82.7
3/20/2005,82.7
3/21/2005,83.4
3/22/2005,83.4
3/23/2005,83.4
3/24/2005,83.4
3/25/2005,83.4
3/26/2005,83.4
3/27/2005,83.4
3/28/2005,83.91
3/29/2005,83.91
3/30/2005,83.91
3/31/2005,83.91
4/1/2005,83.91
4/2/2005,83.91
4/3/2005,83.91
4/4/2005,85.61
4/5/2005,85.61
4/6/2005,85.61
4/7/2005,85.61
4/8/2005,85.61
4/9/2005,85.61
4/10/2005,85.61
4/11/2005,85.63
4/12/2005,85.63
4/13/2005,85.63
4/14/2005,85.63
4/15/2005,85.63
4/16/2005,85.63
4/17/2005,85.63
4/18/2005,85.51
4/19/2005,85.51
4/20/2005,85.51
4/21/2005,85.51
4/22/2005,85.51
4/23/2005,85.51
4/24/2005,85.51
4/25/2005,85.44
4/26/2005,85.44
4/27/2005,85.44
4/28/2005,85.44
4/29/2005,85.44
4/30/2005,85.44
5/1/2005,85.44
5/2/2005,85.36
5/3/2005,85.36
5/4/2005,85.36
5/5/2005,85.36
5/6/2005,85.36
5/7/2005,85.36
5/8/2005,85.36
5/9/2005,85.27
5/10/2005,85.27
5/11/2005,85.27
5/12/2005,85.27
5/13/2005,85.27
5/14/2005,85.27
5/15/2005,85.27
5/16/2005,84.77
5/17/2005,84.77
5/18/2005,84.77
5/19/2005,84.77
5/20/2005,84.77
5/21/2005,84.77
5/22/2005,84.77
5/23/2005,84.18
5/24/2005,84.18
5/25/2005,84.18
5/26/2005,84.18
5/27/2005,84.18
5/28/2005,84.18
5/29/2005,84.18
5/30/2005,84.01
5/31/2005,84.01
6/1/2005,84.01
6/2/2005,84.01
6/3/2005,84.01
6/4/2005,84.01
6/5/2005,84.01
6/6/2005,84.99
6/7/2005,84.99
6/8/2005,84.99
6/9/2005,84.99
6/10/2005,84.99
6/11/2005,84.99
6/12/2005,84.99
6/13/2005,85.52
6/14/2005,85.52
6/15/2005,85.52
6/16/2005,85.52
6/17/2005,85.52
6/18/2005,85.52
6/19/2005,85.52
6/20/2005,86.73
6/21/2005,86.73
6/22/2005,86.73
6/23/2005,86.73
6/24/2005,86.73
6/25/2005,86.73
6/26/2005,86.73
6/27/2005,87.49
6/28/2005,87.49
6/29/2005,87.49
6/30/2005,87.49
7/1/2005,87.49
7/2/2005,87.49
7/3/2005,87.49
7/4/2005,87.73
7/5/2005,87.73
7/6/2005,87.73
7/7/2005,87.73
7/8/2005,87.73
7/9/2005,87.73
7/10/2005,87.73
7/11/2005,88.55
7/12/2005,88.55
7/13/2005,88.55
7/14/2005,88.55
7/15/2005,88.55
7/16/2005,88.55
7/17/2005,88.55
7/18/2005,89
7/19/2005,89
7/20/2005,89
7/21/2005,89
7/22/2005,89
7/23/2005,89
7/24/2005,89
7/25/2005,89.25
7/26/2005,89.25
7/27/2005,89.25
7/28/2005,89.25
7/29/2005,89.25
7/30/2005,89.25
7/31/2005,89.25
8/1/2005,89.67
8/2/2005,89.67
8/3/2005,89.67
8/4/2005,89.67
8/5/2005,89.67
8/6/2005,89.67
8/7/2005,89.67
8/8/2005,90.56
8/9/2005,90.56
8/10/2005,90.56
8/11/2005,90.56
8/12/2005,90.56
8/13/2005,90.56
8/14/2005,90.56
8/15/2005,90.77
8/16/2005,90.77
8/17/2005,90.77
8/18/2005,90.77
8/19/2005,90.77
8/20/2005,90.77
8/21/2005,90.77
8/22/2005,91.42
8/23/2005,91.42
8/24/2005,91.42
8/25/2005,91.42
8/26/2005,91.42
8/27/2005,91.42
8/28/2005,91.42
8/29/2005,94.37
8/30/2005,94.37
8/31/2005,94.37
9/1/2005,94.37
9/2/2005,94.37
9/3/2005,94.37
9/4/2005,94.37
9/5/2005,95.07
9/6/2005,95.07
9/7/2005,95.07
9/8/2005,95.07
9/9/2005,95.07
9/10/2005,95.07
9/11/2005,95.07
9/12/2005,94.41
9/13/2005,94.41
9/14/2005,94.41
9/15/2005,94.41
9/16/2005,94.41
9/17/2005,94.41
9/18/2005,94.41
9/19/2005,93.33
9/20/2005,93.33
9/21/2005,93.33
9/22/2005,93.33
9/23/2005,93.33
9/24/2005,93.33
9/25/2005,93.33
9/26/2005,93.51
9/27/2005,93.51
9/28/2005,93.51
9/29/2005,93.51
9/30/2005,93.51
10/1/2005,93.51
10/2/2005,93.51
10/3/2005,94.25
10/4/2005,94.25
10/5/2005,94.25
10/6/2005,94.25
10/7/2005,94.25
10/8/2005,94.25
10/9/2005,94.25
10/10/2005,94.14
10/11/2005,94.14
10/12/2005,94.14
10/13/2005,94.14
10/14/2005,94.14
10/15/2005,94.14
10/16/2005,94.14
10/17/2005,93.47
10/18/2005,93.47
10/19/2005,93.47
10/20/2005,93.47
10/21/2005,93.47
10/22/2005,93.47
10/23/2005,93.47
10/24/2005,92.79
10/25/2005,92.79
10/26/2005,92.79
10/27/2005,92.79
10/28/2005,92.79
10/29/2005,92.79
10/30/2005,92.79
10/31/2005,92.47
11/1/2005,92.47
11/2/2005,92.47
11/3/2005,92.47
11/4/2005,92.47
11/5/2005,92.47
11/6/2005,92.47
11/7/2005,90.53
11/8/2005,90.53
11/9/2005,90.53
11/10/2005,90.53
11/11/2005,90.53
11/12/2005,90.53
11/13/2005,90.53
11/14/2005,88.61
11/15/2005,88.61
11/16/2005,88.61
11/17/2005,88.61
11/18/2005,88.61
11/19/2005,88.61
11/20/2005,88.61
11/21/2005,87.35
11/22/2005,87.35
11/23/2005,87.35
11/24/2005,87.35
11/25/2005,87.35
11/26/2005,87.35
11/27/2005,87.35
11/28/2005,87.35
11/29/2005,87.35
11/30/2005,87.35
12/1/2005,87.35
12/2/2005,87.35
12/3/2005,87.35
12/4/2005,87.35
12/5/2005,87.2
12/6/2005,87.2
12/7/2005,87.2
12/8/2005,87.2
12/9/2005,87.2
12/10/2005,87.2
12/11/2005,87.2
12/12/2005,87.56
12/13/2005,87.56
12/14/2005,87.56
12/15/2005,87.56
12/16/2005,87.56
12/17/2005,87.56
12/18/2005,87.56
12/19/2005,87.88
12/20/2005,87.88
12/21/2005,87.88
12/22/2005,87.88
12/23/2005,87.88
12/24/2005,87.88
12/25/2005,87.88
12/26/2005,88.03
12/27/2005,88.03
12/28/2005,88.03
12/29/2005,88.03
12/30/2005,88.03
12/31/2005,88.03
1/1/2006,88.03
1/2/2006,88.56
1/3/2006,88.56
1/4/2006,88.56
1/5/2006,88.56
1/6/2006,88.56
1/7/2006,88.56
1/8/2006,88.56
1/9/2006,89.01
1/10/2006,89.01
1/11/2006,89.01
1/12/2006,89.01
1/13/2006,89.01
1/14/2006,89.01
1/15/2006,89.01
1/16/2006,89.55
1/17/2006,89.55
1/18/2006,89.55
1/19/2006,89.55
1/20/2006,89.55
1/21/2006,89.55
1/22/2006,89.55
1/23/2006,89.88
1/24/2006,89.88
1/25/2006,89.88
1/26/2006,89.88
1/27/2006,89.88
1/28/2006,89.88
1/29/2006,89.88
1/30/2006,89.73
1/31/2006,89.73
2/1/2006,89.73
2/2/2006,89.73
2/3/2006,89.73
2/4/2006,89.73
2/5/2006,89.73
2/6/2006,89.65
2/7/2006,89.65
2/8/2006,89.65
2/9/2006,89.65
2/10/2006,89.65
2/11/2006,89.65
2/12/2006,89.65
2/13/2006,89.6
2/14/2006,89.6
2/15/2006,89.6
2/16/2006,89.6
2/17/2006,89.6
2/18/2006,89.6
2/19/2006,89.6
2/20/2006,89.51
2/21/2006,89.51
2/22/2006,89.51
2/23/2006,89.51
2/24/2006,89.51
2/25/2006,89.51
2/26/2006,89.51
2/27/2006,89.37
2/28/2006,89.37
3/1/2006,89.37
3/2/2006,89.37
3/3/2006,89.37
3/4/2006,89.37
3/5/2006,89.37
3/6/2006,89.55
3/7/2006,89.55
3/8/2006,89.55
3/9/2006,89.55
3/10/2006,89.55
3/11/2006,89.55
3/12/2006,89.55
3/13/2006,90.19
3/14/2006,90.19
3/15/2006,90.19
3/16/2006,90.19
3/17/2006,90.19
3/18/2006,90.19
3/19/2006,90.19
3/20/2006,91.16
3/21/2006,91.16
3/22/2006,91.16
3/23/2006,91.16
3/24/2006,91.16
3/25/2006,91.16
3/26/2006,91.16
3/27/2006,91.78
3/28/2006,91.78
3/29/2006,91.78
3/30/2006,91.78
3/31/2006,91.78
4/1/2006,91.78
4/2/2006,91.78
4/3/2006,92.77
4/4/2006,92.77
4/5/2006,92.77
4/6/2006,92.77
4/7/2006,92.77
4/8/2006,92.77
4/9/2006,92.77
4/10/2006,94.23
4/11/2006,94.23
4/12/2006,94.23
4/13/2006,94.23
4/14/2006,94.23
4/15/2006,94.23
4/16/2006,94.23
4/17/2006,94.23
4/18/2006,95.35
4/19/2006,95.35
4/20/2006,95.35
4/21/2006,95.35
4/22/2006,95.35
4/23/2006,95.35
4/24/2006,96.13
4/25/2006,96.13
4/26/2006,96.13
4/27/2006,96.13
4/28/2006,96.13
4/29/2006,96.13
4/30/2006,96.13
5/1/2006,96.46
5/2/2006,96.46
5/3/2006,96.46
5/4/2006,96.46
5/5/2006,96.46
5/6/2006,96.46
5/7/2006,96.46
5/8/2006,96.39
5/9/2006,96.39
5/10/2006,96.39
5/11/2006,96.39
5/12/2006,96.39
5/13/2006,96.39
5/14/2006,96.39
5/15/2006,96.1
5/16/2006,96.1
5/17/2006,96.1
5/18/2006,96.1
5/19/2006,96.1
5/20/2006,96.1
5/21/2006,96.1
5/22/2006,95.36
5/23/2006,95.36
5/24/2006,95.36
5/25/2006,95.36
5/26/2006,95.36
5/27/2006,95.36
5/28/2006,95.36
5/29/2006,95.24
5/30/2006,95.24
5/31/2006,95.24
6/1/2006,95.24
6/2/2006,95.24
6/3/2006,95.24
6/4/2006,95.24
6/5/2006,95.49
6/6/2006,95.49
6/7/2006,95.49
6/8/2006,95.49
6/9/2006,95.49
6/10/2006,95.49
6/11/2006,95.49
6/12/2006,95.44
6/13/2006,95.44
6/14/2006,95.44
6/15/2006,95.44
6/16/2006,95.44
6/17/2006,95.44
6/18/2006,95.44
6/19/2006,94.97
6/20/2006,94.97
6/21/2006,94.97
6/22/2006,94.97
6/23/2006,94.97
6/24/2006,94.97
6/25/2006,94.97
6/26/2006,95.27
6/27/2006,95.27
6/28/2006,95.27
6/29/2006,95.27
6/30/2006,95.27
7/1/2006,95.27
7/2/2006,95.27
7/3/2006,95.69
7/4/2006,95.69
7/5/2006,95.69
7/6/2006,95.69
7/7/2006,95.69
7/8/2006,95.69
7/9/2006,95.69
7/10/2006,96.88
7/11/2006,96.88
7/12/2006,96.88
7/13/2006,96.88
7/14/2006,96.88
7/15/2006,96.88
7/16/2006,96.88
7/17/2006,97.78
7/18/2006,97.78
7/19/2006,97.78
7/20/2006,97.78
7/21/2006,97.78
7/22/2006,97.78
7/23/2006,97.78
7/24/2006,97.83
7/25/2006,97.83
7/26/2006,97.83
7/27/2006,97.83
7/28/2006,97.83
7/29/2006,97.83
7/30/2006,97.83
7/31/2006,98.05
8/1/2006,98.05
8/2/2006,98.05
8/3/2006,98.05
8/4/2006,98.05
8/5/2006,98.05
8/6/2006,98.05
8/7/2006,97.82
8/8/2006,97.82
8/9/2006,97.82
8/10/2006,97.82
8/11/2006,97.82
8/12/2006,97.82
8/13/2006,97.82
8/14/2006,95.74
8/15/2006,95.74
8/16/2006,95.74
8/17/2006,95.74
8/18/2006,95.74
8/19/2006,95.74
8/20/2006,95.74
8/21/2006,94.4
8/22/2006,94.4
8/23/2006,94.4
8/24/2006,94.4
8/25/2006,94.4
8/26/2006,94.4
8/27/2006,94.4
8/28/2006,92.88
8/29/2006,92.88
8/30/2006,92.88
8/31/2006,92.88
9/1/2006,92.88
9/2/2006,92.88
9/3/2006,92.88
9/4/2006,91.48
9/5/2006,91.48
9/6/2006,91.48
9/7/2006,91.48
9/8/2006,91.48
9/9/2006,91.48
9/10/2006,91.48
9/11/2006,89.78
9/12/2006,89.78
9/13/2006,89.78
9/14/2006,89.78
9/15/2006,89.78
9/16/2006,89.78
9/17/2006,89.78
9/18/2006,88.2
9/19/2006,88.2
9/20/2006,88.2
9/21/2006,88.2
9/22/2006,88.2
9/23/2006,88.2
9/24/2006,88.2
9/25/2006,86.95
9/26/2006,86.95
9/27/2006,86.95
9/28/2006,86.95
9/29/2006,86.95
9/30/2006,86.95
10/1/2006,86.95
10/2/2006,86.6
10/3/2006,86.6
10/4/2006,86.6
10/5/2006,86.6
10/6/2006,86.6
10/7/2006,86.6
10/8/2006,86.6
10/9/2006,85.91
10/10/2006,85.91
10/11/2006,85.91
10/12/2006,85.91
10/13/2006,85.91
10/14/2006,85.91
10/15/2006,85.91
10/16/2006,85.74
10/17/2006,85.74
10/18/2006,85.74
10/19/2006,85.74
10/20/2006,85.74
10/21/2006,85.74
10/22/2006,85.74
10/23/2006,85.6
10/24/2006,85.6
10/25/2006,85.6
10/26/2006,85.6
10/27/2006,85.6
10/28/2006,85.6
10/29/2006,85.6
10/30/2006,85.54
10/31/2006,85.54
11/1/2006,85.54
11/2/2006,85.54
11/3/2006,85.54
11/4/2006,85.54
11/5/2006,85.54
11/6/2006,85.49
11/7/2006,85.49
11/8/2006,85.49
11/9/2006,85.49
11/10/2006,85.49
11/11/2006,85.49
11/12/2006,85.49
11/13/2006,85.45
11/14/2006,85.45
11/15/2006,85.45
11/16/2006,85.45
11/17/2006,85.45
11/18/2006,85.45
11/19/2006,85.45
11/20/2006,85.47
11/21/2006,85.47
11/22/2006,85.47
11/23/2006,85.47
11/24/2006,85.47
11/25/2006,85.47
11/26/2006,85.47
11/27/2006,85.46
11/28/2006,85.46
11/29/2006,85.46
11/30/2006,85.46
12/1/2006,85.46
12/2/2006,85.46
12/3/2006,85.46
12/4/2006,87.44
12/5/2006,87.44
12/6/2006,87.44
12/7/2006,87.44
12/8/2006,87.44
12/9/2006,87.44
12/10/2006,87.44
12/11/2006,87.7
12/12/2006,87.7
12/13/2006,87.7
12/14/2006,87.7
12/15/2006,87.7
12/16/2006,87.7
12/17/2006,87.7
12/18/2006,87.9
12/19/2006,87.9
12/20/2006,87.9
12/21/2006,87.9
12/22/2006,87.9
12/23/2006,87.9
12/24/2006,87.9
12/25/2006,87.85
12/26/2006,87.85
12/27/2006,87.85
12/28/2006,87.85
12/29/2006,87.85
12/30/2006,87.85
12/31/2006,87.85
1/1/2007,87.66
1/2/2007,87.66
1/3/2007,87.66
1/4/2007,87.66
1/5/2007,87.66
1/6/2007,87.66
1/7/2007,87.66
1/8/2007,87.1
1/9/2007,87.1
1/10/2007,87.1
1/11/2007,87.1
1/12/2007,87.1
1/13/2007,87.1
1/14/2007,87.1
1/15/2007,86.28
1/16/2007,86.28
1/17/2007,86.28
1/18/2007,86.28
1/19/2007,86.28
1/20/2007,86.28
1/21/2007,86.28
1/22/2007,85.66
1/23/2007,85.66
1/24/2007,85.66
1/25/2007,85.66
1/26/2007,85.66
1/27/2007,85.66
1/28/2007,85.66
1/29/2007,85.62
1/30/2007,85.62
1/31/2007,85.62
2/1/2007,85.62
2/2/2007,85.62
2/3/2007,85.62
2/4/2007,85.62
2/5/2007,86.12
2/6/2007,86.12
2/7/2007,86.12
2/8/2007,86.12
2/9/2007,86.12
2/10/2007,86.12
2/11/2007,86.12
2/12/2007,86.6
2/13/2007,86.6
2/14/2007,86.6
2/15/2007,86.6
2/16/2007,86.6
2/17/2007,86.6
2/18/2007,86.6
2/19/2007,87.07
2/20/2007,87.07
2/21/2007,87.07
2/22/2007,87.07
2/23/2007,87.07
2/24/2007,87.07
2/25/2007,87.07
2/26/2007,87.74
2/27/2007,87.74
2/28/2007,87.74
3/1/2007,87.74
3/2/2007,87.74
3/3/2007,87.74
3/4/2007,87.74
3/5/2007,88.48
3/6/2007,88.48
3/7/2007,88.48
3/8/2007,88.48
3/9/2007,88.48
3/10/2007,88.48
3/11/2007,88.48
3/12/2007,88.93
3/13/2007,88.93
3/14/2007,88.93
3/15/2007,88.93
3/16/2007,88.93
3/17/2007,88.93
3/18/2007,88.93
3/19/2007,89.32
3/20/2007,89.32
3/21/2007,89.32
3/22/2007,89.32
3/23/2007,89.32
3/24/2007,89.32
3/25/2007,89.32
3/26/2007,90.47
3/27/2007,90.47
3/28/2007,90.47
3/29/2007,90.47
3/30/2007,90.47
3/31/2007,90.47
4/1/2007,90.47
4/2/2007,91.18
4/3/2007,91.18
4/4/2007,91.18
4/5/2007,91.18
4/6/2007,91.18
4/7/2007,91.18
4/8/2007,91.18
4/9/2007,91.18
4/10/2007,91.99
4/11/2007,91.99
4/12/2007,91.99
4/13/2007,91.99
4/14/2007,91.99
4/15/2007,91.99
4/16/2007,92.93
4/17/2007,92.93
4/18/2007,92.93
4/19/2007,92.93
4/20/2007,92.93
4/21/2007,92.93
4/22/2007,92.93
4/23/2007,93.45
4/24/2007,93.45
4/25/2007,93.45
4/26/2007,93.45
4/27/2007,93.45
4/28/2007,93.45
4/29/2007,93.45
4/30/2007,94.43
5/1/2007,94.43
5/2/2007,94.43
5/3/2007,94.43
5/4/2007,94.43
5/5/2007,94.43
5/6/2007,94.43
5/7/2007,95.07
5/8/2007,95.07
5/9/2007,95.07
5/10/2007,95.07
5/11/2007,95.07
5/12/2007,95.07
5/13/2007,95.07
5/14/2007,95.71
5/15/2007,95.71
5/16/2007,95.71
5/17/2007,95.71
5/18/2007,95.71
5/19/2007,95.71
5/20/2007,95.71
5/21/2007,96.16
5/22/2007,96.16
5/23/2007,96.16
5/24/2007,96.16
5/25/2007,96.16
5/26/2007,96.16
5/27/2007,96.16
5/28/2007,96.51
5/29/2007,96.51
5/30/2007,96.51
5/31/2007,96.51
6/1/2007,96.51
6/2/2007,96.51
6/3/2007,96.51
6/4/2007,96.61
6/5/2007,96.61
6/6/2007,96.61
6/7/2007,96.61
6/8/2007,96.61
6/9/2007,96.61
6/10/2007,96.61
6/11/2007,96.56
6/12/2007,96.56
6/13/2007,96.56
6/14/2007,96.56
6/15/2007,96.56
6/16/2007,96.56
6/17/2007,96.56
6/18/2007,96.54
6/19/2007,96.54
6/20/2007,96.54
6/21/2007,96.54
6/22/2007,96.54
6/23/2007,96.54
6/24/2007,96.54
6/25/2007,96.36
6/26/2007,96.36
6/27/2007,96.36
6/28/2007,96.36
6/29/2007,96.36
6/30/2007,96.36
7/1/2007,96.36
7/2/2007,96.2
7/3/2007,96.2
7/4/2007,96.2
7/5/2007,96.2
7/6/2007,96.2
7/7/2007,96.2
7/8/2007,96.2
7/9/2007,96.21
7/10/2007,96.21
7/11/2007,96.21
7/12/2007,96.21
7/13/2007,96.21
7/14/2007,96.21
7/15/2007,96.21
7/16/2007,96.23
7/17/2007,96.23
7/18/2007,96.23
7/19/2007,96.23
7/20/2007,96.23
7/21/2007,96.23
7/22/2007,96.23
7/23/2007,96.2
7/24/2007,96.2
7/25/2007,96.2
7/26/2007,96.2
7/27/2007,96.2
7/28/2007,96.2
7/29/2007,96.2
7/30/2007,96.15
7/31/2007,96.15
8/1/2007,96.15
8/2/2007,96.15
8/3/2007,96.15
8/4/2007,96.15
8/5/2007,96.15
8/6/2007,96
8/7/2007,96
8/8/2007,96
8/9/2007,96
8/10/2007,96
8/11/2007,96
8/12/2007,96
8/13/2007,95.31
8/14/2007,95.31
8/15/2007,95.31
8/16/2007,95.31
8/17/2007,95.31
8/18/2007,95.31
8/19/2007,95.31
8/20/2007,95
8/21/2007,95
8/22/2007,95
8/23/2007,95
8/24/2007,95
8/25/2007,95
8/26/2007,95
8/27/2007,94.8
8/28/2007,94.8
8/29/2007,94.8
8/30/2007,94.8
8/31/2007,94.8
9/1/2007,94.8
9/2/2007,94.8
9/3/2007,94.63
9/4/2007,94.63
9/5/2007,94.63
9/6/2007,94.63
9/7/2007,94.63
9/8/2007,94.63
9/9/2007,94.63
9/10/2007,94.65
9/11/2007,94.65
9/12/2007,94.65
9/13/2007,94.65
9/14/2007,94.65
9/15/2007,94.65
9/16/2007,94.65
9/17/2007,94.91
9/18/2007,94.91
9/19/2007,94.91
9/20/2007,94.91
9/21/2007,94.91
9/22/2007,94.91
9/23/2007,94.91
9/24/2007,96.39
9/25/2007,96.39
9/26/2007,96.39
9/27/2007,96.39
9/28/2007,96.39
9/29/2007,96.39
9/30/2007,96.39
10/1/2007,97.14
10/2/2007,97.14
10/3/2007,97.14
10/4/2007,97.14
10/5/2007,97.14
10/6/2007,97.14
10/7/2007,97.14
10/8/2007,97.19
10/9/2007,97.19
10/10/2007,97.19
10/11/2007,97.19
10/12/2007,97.19
10/13/2007,97.19
10/14/2007,97.19
10/15/2007,97.81
10/16/2007,97.81
10/17/2007,97.81
10/18/2007,97.81
10/19/2007,97.81
10/20/2007,97.81
10/21/2007,97.81
10/22/2007,98.26
10/23/2007,98.26
10/24/2007,98.26
10/25/2007,98.26
10/26/2007,98.26
10/27/2007,98.26
10/28/2007,98.26
10/29/2007,99.36
10/30/2007,99.36
10/31/2007,99.36
11/1/2007,99.36
11/2/2007,99.36
11/3/2007,99.36
11/4/2007,99.36
11/5/2007,100.74
11/6/2007,100.74
11/7/2007,100.74
11/8/2007,100.74
11/9/2007,100.74
11/10/2007,100.74
11/11/2007,100.74
11/12/2007,101.47
11/13/2007,101.47
11/14/2007,101.47
11/15/2007,101.47
11/16/2007,101.47
11/17/2007,101.47
11/18/2007,101.47
11/19/2007,102.13
11/20/2007,102.13
11/21/2007,102.13
11/22/2007,102.13
11/23/2007,102.13
11/24/2007,102.13
11/25/2007,102.13
11/26/2007,102.58
11/27/2007,102.58
11/28/2007,102.58
11/29/2007,102.58
11/30/2007,102.58
12/1/2007,102.58
12/2/2007,102.58
12/3/2007,102.67
12/4/2007,102.67
12/5/2007,102.67
12/6/2007,102.67
12/7/2007,102.67
12/8/2007,102.67
12/9/2007,102.67
12/10/2007,102.6
12/11/2007,102.6
12/12/2007,102.6
12/13/2007,102.6
12/14/2007,102.6
12/15/2007,102.6
12/16/2007,102.6
12/17/2007,102.53
12/18/2007,102.53
12/19/2007,102.53
12/20/2007,102.53
12/21/2007,102.53
12/22/2007,102.53
12/23/2007,102.53
12/24/2007,102.66
12/25/2007,102.66
12/26/2007,102.66
12/27/2007,102.66
12/28/2007,102.66
12/29/2007,102.66
12/30/2007,102.66
12/31/2007,103.37
1/1/2008,103.37
1/2/2008,103.37
1/3/2008,103.37
1/4/2008,103.37
1/5/2008,103.37
1/6/2008,103.37
1/7/2008,103.82
1/8/2008,103.82
1/9/2008,103.82
1/10/2008,103.82
1/11/2008,103.82
1/12/2008,103.82
1/13/2008,103.82
1/14/2008,104.22
1/15/2008,104.22
1/16/2008,104.22
1/17/2008,104.22
1/18/2008,104.22
1/19/2008,104.22
1/20/2008,104.22
1/21/2008,104.22
1/22/2008,104.22
1/23/2008,104.22
1/24/2008,104.22
1/25/2008,104.22
1/26/2008,104.22
1/27/2008,104.22
1/28/2008,104.03
1/29/2008,104.03
1/30/2008,104.03
1/31/2008,104.03
2/1/2008,104.03
2/2/2008,104.03
2/3/2008,104.03
2/4/2008,103.67
2/5/2008,103.67
2/6/2008,103.67
2/7/2008,103.67
2/8/2008,103.67
2/9/2008,103.67
2/10/2008,103.67
2/11/2008,103.7
2/12/2008,103.7
2/13/2008,103.7
2/14/2008,103.7
2/15/2008,103.7
2/16/2008,103.7
2/17/2008,103.7
2/18/2008,104.65
2/19/2008,104.65
2/20/2008,104.65
2/21/2008,104.65
2/22/2008,104.65
2/23/2008,104.65
2/24/2008,104.65
2/25/2008,105.24
2/26/2008,105.24
2/27/2008,105.24
2/28/2008,105.24
2/29/2008,105.24
3/1/2008,105.24
3/2/2008,105.24
3/3/2008,105.96
3/4/2008,105.96
3/5/2008,105.96
3/6/2008,105.96
3/7/2008,105.96
3/8/2008,105.96
3/9/2008,105.96
3/10/2008,106.41
3/11/2008,106.41
3/12/2008,106.41
3/13/2008,106.41
3/14/2008,106.41
3/15/2008,106.41
3/16/2008,106.41
3/17/2008,106.9
3/18/2008,106.9
3/19/2008,106.9
3/20/2008,106.9
3/21/2008,106.9
3/22/2008,106.9
3/23/2008,106.9
3/24/2008,107.1
3/25/2008,107.1
3/26/2008,107.1
3/27/2008,107.1
3/28/2008,107.1
3/29/2008,107.1
3/30/2008,107.1
3/31/2008,107.24
4/1/2008,107.24
4/2/2008,107.24
4/3/2008,107.24
4/4/2008,107.24
4/5/2008,107.24
4/6/2008,107.24
4/7/2008,107.61
4/8/2008,107.61
4/9/2008,107.61
4/10/2008,107.61
4/11/2008,107.61
4/12/2008,107.61
4/13/2008,107.61
4/14/2008,108.57
4/15/2008,108.57
4/16/2008,108.57
4/17/2008,108.57
4/18/2008,108.57
4/19/2008,108.57
4/20/2008,108.57
4/21/2008,109.5
4/22/2008,109.5
4/23/2008,109.5
4/24/2008,109.5
4/25/2008,109.5
4/26/2008,109.5
4/27/2008,109.5
4/28/2008,110.3
4/29/2008,110.3
4/30/2008,110.3
5/1/2008,110.3
5/2/2008,110.3
5/3/2008,110.3
5/4/2008,110.3
5/5/2008,111.04
5/6/2008,111.04
5/7/2008,111.04
5/8/2008,111.04
5/9/2008,111.04
5/10/2008,111.04
5/11/2008,111.04
5/12/2008,112.96
5/13/2008,112.96
5/14/2008,112.96
5/15/2008,112.96
5/16/2008,112.96
5/17/2008,112.96
5/18/2008,112.96
5/19/2008,114.79
5/20/2008,114.79
5/21/2008,114.79
5/22/2008,114.79
5/23/2008,114.79
5/24/2008,114.79
5/25/2008,114.79
5/26/2008,116.03
5/27/2008,116.03
5/28/2008,116.03
5/29/2008,116.03
5/30/2008,116.03
5/31/2008,116.03
6/1/2008,116.03
6/2/2008,116.86
6/3/2008,116.86
6/4/2008,116.86
6/5/2008,116.86
6/6/2008,116.86
6/7/2008,116.86
6/8/2008,116.86
6/9/2008,117.69
6/10/2008,117.69
6/11/2008,117.69
6/12/2008,117.69
6/13/2008,117.69
6/14/2008,117.69
6/15/2008,117.69
6/16/2008,118.44
6/17/2008,118.44
6/18/2008,118.44
6/19/2008,118.44
6/20/2008,118.44
6/21/2008,118.44
6/22/2008,118.44
6/23/2008,118.84
6/24/2008,118.84
6/25/2008,118.84
6/26/2008,118.84
6/27/2008,118.84
6/28/2008,118.84
6/29/2008,118.84
6/30/2008,119.28
7/1/2008,119.28
7/2/2008,119.28
7/3/2008,119.28
7/4/2008,119.28
7/5/2008,119.28
7/6/2008,119.28
7/7/2008,119.44
7/8/2008,119.44
7/9/2008,119.44
7/10/2008,119.44
7/11/2008,119.44
7/12/2008,119.44
7/13/2008,119.44
7/14/2008,119.4
7/15/2008,119.4
7/16/2008,119.4
7/17/2008,119.4
7/18/2008,119.4
7/19/2008,119.4
7/20/2008,119.4
7/21/2008,116.91
7/22/2008,116.91
7/23/2008,116.91
7/24/2008,116.91
7/25/2008,116.91
7/26/2008,116.91
7/27/2008,116.91
7/28/2008,115.06
7/29/2008,115.06
7/30/2008,115.06
7/31/2008,115.06
8/1/2008,115.06
8/2/2008,115.06
8/3/2008,115.06
8/4/2008,113.92
8/5/2008,113.92
8/6/2008,113.92
8/7/2008,113.92
8/8/2008,113.92
8/9/2008,113.92
8/10/2008,113.92
8/11/2008,112.22
8/12/2008,112.22
8/13/2008,112.22
8/14/2008,112.22
8/15/2008,112.22
8/16/2008,112.22
8/17/2008,112.22
8/18/2008,112.02
8/19/2008,112.02
8/20/2008,112.02
8/21/2008,112.02
8/22/2008,112.02
8/23/2008,112.02
8/24/2008,112.02
8/25/2008,112.2
8/26/2008,112.2
8/27/2008,112.2
8/28/2008,112.2
8/29/2008,112.2
8/30/2008,112.2
8/31/2008,112.2
9/1/2008,112.55
9/2/2008,112.55
9/3/2008,112.55
9/4/2008,112.55
9/5/2008,112.55
9/6/2008,112.55
9/7/2008,112.55
9/8/2008,112.51
9/9/2008,112.51
9/10/2008,112.51
9/11/2008,112.51
9/12/2008,112.51
9/13/2008,112.51
9/14/2008,112.51
9/15/2008,110.81
9/16/2008,110.81
9/17/2008,110.81
9/18/2008,110.81
9/19/2008,110.81
9/20/2008,110.81
9/21/2008,110.81
9/22/2008,109.85
9/23/2008,109.85
9/24/2008,109.85
9/25/2008,109.85
9/26/2008,109.85
9/27/2008,109.85
9/28/2008,109.85
9/29/2008,109.45
9/30/2008,109.45
10/1/2008,109.45
10/2/2008,109.45
10/3/2008,109.45
10/4/2008,109.45
10/5/2008,109.45
10/6/2008,107.04
10/7/2008,107.04
10/8/2008,107.04
10/9/2008,107.04
10/10/2008,107.04
10/11/2008,107.04
10/12/2008,107.04
10/13/2008,102.66
10/14/2008,102.66
10/15/2008,102.66
10/16/2008,102.66
10/17/2008,102.66
10/18/2008,102.66
10/19/2008,102.66
10/20/2008,98.62
10/21/2008,98.62
10/22/2008,98.62
10/23/2008,98.62
10/24/2008,98.62
10/25/2008,98.62
10/26/2008,98.62
10/27/2008,97.4
10/28/2008,97.4
10/29/2008,97.4
10/30/2008,97.4
10/31/2008,97.4
11/1/2008,97.4
11/2/2008,97.4
11/3/2008,95.89
11/4/2008,95.89
11/5/2008,95.89
11/6/2008,95.89
11/7/2008,95.89
11/8/2008,95.89
11/9/2008,95.89
11/10/2008,94.83
11/11/2008,94.83
11/12/2008,94.83
11/13/2008,94.83
11/14/2008,94.83
11/15/2008,94.83
11/16/2008,94.83
11/17/2008,92.79
11/18/2008,92.79
11/19/2008,92.79
11/20/2008,92.79
11/21/2008,92.79
11/22/2008,92.79
11/23/2008,92.79
11/24/2008,91.47
11/25/2008,91.47
11/26/2008,91.47
11/27/2008,91.47
11/28/2008,91.47
11/29/2008,91.47
11/30/2008,91.47
12/1/2008,90.16
12/2/2008,90.16
12/3/2008,90.16
12/4/2008,90.16
12/5/2008,90.16
12/6/2008,90.16
12/7/2008,90.16
12/8/2008,89.07
12/9/2008,89.07
12/10/2008,89.07
12/11/2008,89.07
12/12/2008,89.07
12/13/2008,89.07
12/14/2008,89.07
12/15/2008,88.01
12/16/2008,88.01
12/17/2008,88.01
12/18/2008,88.01
12/19/2008,88.01
12/20/2008,88.01
12/21/2008,88.01
12/22/2008,87.34
12/23/2008,87.34
12/24/2008,87.34
12/25/2008,87.34
12/26/2008,87.34
12/27/2008,87.34
12/28/2008,87.34
12/29/2008,85.42
12/30/2008,85.42
12/31/2008,85.42
1/1/2009,85.42
1/2/2009,85.42
1/3/2009,85.42
1/4/2009,85.42
1/5/2009,86.02
1/6/2009,86.02
1/7/2009,86.02
1/8/2009,86.02
1/9/2009,86.02
1/10/2009,86.02
1/11/2009,86.02
1/12/2009,86.19
1/13/2009,86.19
1/14/2009,86.19
1/15/2009,86.19
1/16/2009,86.19
1/17/2009,86.19
1/18/2009,86.19
1/19/2009,87.42
1/20/2009,87.42
1/21/2009,87.42
1/22/2009,87.42
1/23/2009,87.42
1/24/2009,87.42
1/25/2009,87.42
1/26/2009,88.16
1/27/2009,88.16
1/28/2009,88.16
1/29/2009,88.16
1/30/2009,88.16
1/31/2009,88.16
2/1/2009,88.16
2/2/2009,89.28
2/3/2009,89.28
2/4/2009,89.28
2/5/2009,89.28
2/6/2009,89.28
2/7/2009,89.28
2/8/2009,89.28
2/9/2009,90.12
2/10/2009,90.12
2/11/2009,90.12
2/12/2009,90.12
2/13/2009,90.12
2/14/2009,90.12
2/15/2009,90.12
2/16/2009,90.33
2/17/2009,90.33
2/18/2009,90.33
2/19/2009,90.33
2/20/2009,90.33
2/21/2009,90.33
2/22/2009,90.33
2/23/2009,90.28
2/24/2009,90.28
2/25/2009,90.28
2/26/2009,90.28
2/27/2009,90.28
2/28/2009,90.28
3/1/2009,90.28
3/2/2009,90.15
3/3/2009,90.15
3/4/2009,90.15
3/5/2009,90.15
3/6/2009,90.15
3/7/2009,90.15
3/8/2009,90.15
3/9/2009,90.16
3/10/2009,90.16
3/11/2009,90.16
3/12/2009,90.16
3/13/2009,90.16
3/14/2009,90.16
3/15/2009,90.16
3/16/2009,90.16
3/17/2009,90.16
3/18/2009,90.16
3/19/2009,90.16
3/20/2009,90.16
3/21/2009,90.16
3/22/2009,90.16
3/23/2009,91.35
3/24/2009,91.35
3/25/2009,91.35
3/26/2009,91.35
3/27/2009,91.35
3/28/2009,91.35
3/29/2009,91.35
3/30/2009,93.72
3/31/2009,93.72
4/1/2009,93.72
4/2/2009,93.72
4/3/2009,93.72
4/4/2009,93.72
4/5/2009,93.72
4/6/2009,94.11
4/7/2009,94.11
4/8/2009,94.11
4/9/2009,94.11
4/10/2009,94.11
4/11/2009,94.11
4/12/2009,94.11
4/13/2009,94.62
4/14/2009,94.62
4/15/2009,94.62
4/16/2009,94.62
4/17/2009,94.62
4/18/2009,94.62
4/19/2009,94.62
4/20/2009,95.13
4/21/2009,95.13
4/22/2009,95.13
4/23/2009,95.13
4/24/2009,95.13
4/25/2009,95.13
4/26/2009,95.13
4/27/2009,95.6
4/28/2009,95.6
4/29/2009,95.6
4/30/2009,95.6
5/1/2009,95.6
5/2/2009,95.6
5/3/2009,95.6
5/4/2009,96.59
5/5/2009,96.59
5/6/2009,96.59
5/7/2009,96.59
5/8/2009,96.59
5/9/2009,96.59
5/10/2009,96.59
5/11/2009,97.54
5/12/2009,97.54
5/13/2009,97.54
5/14/2009,97.54
5/15/2009,97.54
5/16/2009,97.54
5/17/2009,97.54
5/18/2009,98.9
5/19/2009,98.9
5/20/2009,98.9
5/21/2009,98.9
5/22/2009,98.9
5/23/2009,98.9
5/24/2009,98.9
5/25/2009,99.39
5/26/2009,99.39
5/27/2009,99.39
5/28/2009,99.39
5/29/2009,99.39
5/30/2009,99.39
5/31/2009,99.39
6/1/2009,100.59
6/2/2009,100.59
6/3/2009,100.59
6/4/2009,100.59
6/5/2009,100.59
6/6/2009,100.59
6/7/2009,100.59
6/8/2009,101.98
6/9/2009,101.98
6/10/2009,101.98
6/11/2009,101.98
6/12/2009,101.98
6/13/2009,101.98
6/14/2009,101.98
6/15/2009,102.81
6/16/2009,102.81
6/17/2009,102.81
6/18/2009,102.81
6/19/2009,102.81
6/20/2009,102.81
6/21/2009,102.81
6/22/2009,103.3
6/23/2009,103.3
6/24/2009,103.3
6/25/2009,103.3
6/26/2009,103.3
6/27/2009,103.3
6/28/2009,103.3
6/29/2009,103.57
6/30/2009,103.57
7/1/2009,103.57
7/2/2009,103.57
7/3/2009,103.57
7/4/2009,103.57
7/5/2009,103.57
7/6/2009,102.78
7/7/2009,102.78
7/8/2009,102.78
7/9/2009,102.78
7/10/2009,102.78
7/11/2009,102.78
7/12/2009,102.78
7/13/2009,102.22
7/14/2009,102.22
7/15/2009,102.22
7/16/2009,102.22
7/17/2009,102.22
7/18/2009,102.22
7/19/2009,102.22
7/20/2009,102.17
7/21/2009,102.17
7/22/2009,102.17
7/23/2009,102.17
7/24/2009,102.17
7/25/2009,102.17
7/26/2009,102.17
7/27/2009,102.36
7/28/2009,102.36
7/29/2009,102.36
7/30/2009,102.36
7/31/2009,102.36
8/1/2009,102.36
8/2/2009,102.36
8/3/2009,103.01
8/4/2009,103.01
8/5/2009,103.01
8/6/2009,103.01
8/7/2009,103.01
8/8/2009,103.01
8/9/2009,103.01
8/10/2009,103.96
8/11/2009,103.96
8/12/2009,103.96
8/13/2009,103.96
8/14/2009,103.96
8/15/2009,103.96
8/16/2009,103.96
8/17/2009,104.7
8/18/2009,104.7
8/19/2009,104.7
8/20/2009,104.7
8/21/2009,104.7
8/22/2009,104.7
8/23/2009,104.7
8/24/2009,105.11
8/25/2009,105.11
8/26/2009,105.11
8/27/2009,105.11
8/28/2009,105.11
8/29/2009,105.11
8/30/2009,105.11
8/31/2009,106.85
9/1/2009,106.85
9/2/2009,106.85
9/3/2009,106.85
9/4/2009,106.85
9/5/2009,106.85
9/6/2009,106.85
9/7/2009,106.43
9/8/2009,106.43
9/9/2009,106.43
9/10/2009,106.43
9/11/2009,106.43
9/12/2009,106.43
9/13/2009,106.43
9/14/2009,105.96
9/15/2009,105.96
9/16/2009,105.96
9/17/2009,105.96
9/18/2009,105.96
9/19/2009,105.96
9/20/2009,105.96
9/21/2009,105.44
9/22/2009,105.44
9/23/2009,105.44
9/24/2009,105.44
9/25/2009,105.44
9/26/2009,105.44
9/27/2009,105.44
9/28/2009,104.87
9/29/2009,104.87
9/30/2009,104.87
10/1/2009,104.87
10/2/2009,104.87
10/3/2009,104.87
10/4/2009,104.87
10/5/2009,104.71
10/6/2009,104.71
10/7/2009,104.71
10/8/2009,104.71
10/9/2009,104.71
10/10/2009,104.71
10/11/2009,104.71
10/12/2009,105.08
10/13/2009,105.08
10/14/2009,105.08
10/15/2009,105.08
10/16/2009,105.08
10/17/2009,105.08
10/18/2009,105.08
10/19/2009,106.76
10/20/2009,106.76
10/21/2009,106.76
10/22/2009,106.76
10/23/2009,106.76
10/24/2009,106.76
10/25/2009,106.76
10/26/2009,107.43
10/27/2009,107.43
10/28/2009,107.43
10/29/2009,107.43
10/30/2009,107.43
10/31/2009,107.43
11/1/2009,107.43
11/2/2009,108.1
11/3/2009,108.1
11/4/2009,108.1
11/5/2009,108.1
11/6/2009,108.1
11/7/2009,108.1
11/8/2009,108.1
11/9/2009,108.48
11/10/2009,108.48
11/11/2009,108.48
11/12/2009,108.48
11/13/2009,108.48
11/14/2009,108.48
11/15/2009,108.48
11/16/2009,108.73
11/17/2009,108.73
11/18/2009,108.73
11/19/2009,108.73
11/20/2009,108.73
11/21/2009,108.73
11/22/2009,108.73
11/23/2009,108.79
11/24/2009,108.79
11/25/2009,108.79
11/26/2009,108.79
11/27/2009,108.79
11/28/2009,108.79
11/29/2009,108.79
11/30/2009,108.64
12/1/2009,108.64
12/2/2009,108.64
12/3/2009,108.64
12/4/2009,108.64
12/5/2009,108.64
12/6/2009,108.64
12/7/2009,108.5
12/8/2009,108.5
12/9/2009,108.5
12/10/2009,108.5
12/11/2009,108.5
12/12/2009,108.5
12/13/2009,108.5
12/14/2009,107.47
12/15/2009,107.47
12/16/2009,107.47
12/17/2009,107.47
12/18/2009,107.47
12/19/2009,107.47
12/20/2009,107.47
12/21/2009,107.44
12/22/2009,107.44
12/23/2009,107.44
12/24/2009,107.44
12/25/2009,107.44
12/26/2009,107.44
12/27/2009,107.44
12/28/2009,109.34
12/29/2009,109.34
12/30/2009,109.34
12/31/2009,109.34
1/1/2010,109.34
1/2/2010,109.34
1/3/2010,109.34
1/4/2010,110.72
1/5/2010,110.72
1/6/2010,110.72
1/7/2010,110.72
1/8/2010,110.72
1/9/2010,110.72
1/10/2010,110.72
1/11/2010,111.6
1/12/2010,111.6
1/13/2010,111.6
1/14/2010,111.6
1/15/2010,111.6
1/16/2010,111.6
1/17/2010,111.6
1/18/2010,111.87
1/19/2010,111.87
1/20/2010,111.87
1/21/2010,111.87
1/22/2010,111.87
1/23/2010,111.87
1/24/2010,111.87
1/25/2010,111.91
1/26/2010,111.91
1/27/2010,111.91
1/28/2010,111.91
1/29/2010,111.91
1/30/2010,111.91
1/31/2010,111.91
2/1/2010,111.95
2/2/2010,111.95
2/3/2010,111.95
2/4/2010,111.95
2/5/2010,111.95
2/6/2010,111.95
2/7/2010,111.95
2/8/2010,111.89
2/9/2010,111.89
2/10/2010,111.89
2/11/2010,111.89
2/12/2010,111.89
2/13/2010,111.89
2/14/2010,111.89
2/15/2010,111.56
2/16/2010,111.56
2/17/2010,111.56
2/18/2010,111.56
2/19/2010,111.56
2/20/2010,111.56
2/21/2010,111.56
2/22/2010,112.42
2/23/2010,112.42
2/24/2010,112.42
2/25/2010,112.42
2/26/2010,112.42
2/27/2010,112.42
2/28/2010,112.42
3/1/2010,113.71
3/2/2010,113.71
3/3/2010,113.71
3/4/2010,113.71
3/5/2010,113.71
3/6/2010,113.71
3/7/2010,113.71
3/8/2010,115.46
3/9/2010,115.46
3/10/2010,115.46
3/11/2010,115.46
3/12/2010,115.46
3/13/2010,115.46
3/14/2010,115.46
3/15/2010,116.59
3/16/2010,116.59
3/17/2010,116.59
3/18/2010,116.59
3/19/2010,116.59
3/20/2010,116.59
3/21/2010,116.59
3/22/2010,117.28
3/23/2010,117.28
3/24/2010,117.28
3/25/2010,117.28
3/26/2010,117.28
3/27/2010,117.28
3/28/2010,117.28
3/29/2010,119.29
3/30/2010,119.29
3/31/2010,119.29
4/1/2010,119.29
4/2/2010,119.29
4/3/2010,119.29
4/4/2010,119.29
4/5/2010,119.94
4/6/2010,119.94
4/7/2010,119.94
4/8/2010,119.94
4/9/2010,119.94
4/10/2010,119.94
4/11/2010,119.94
4/12/2010,120.55
4/13/2010,120.55
4/14/2010,120.55
4/15/2010,120.55
4/16/2010,120.55
4/17/2010,120.55
4/18/2010,120.55
4/19/2010,120.99
4/20/2010,120.99
4/21/2010,120.99
4/22/2010,120.99
4/23/2010,120.99
4/24/2010,120.99
4/25/2010,120.99
4/26/2010,121.18
4/27/2010,121.18
4/28/2010,121.18
4/29/2010,121.18
4/30/2010,121.18
5/1/2010,121.18
5/2/2010,121.18
5/3/2010,121.31
5/4/2010,121.31
5/5/2010,121.31
5/6/2010,121.31
5/7/2010,121.31
5/8/2010,121.31
5/9/2010,121.31
5/10/2010,121.3
5/11/2010,121.3
5/12/2010,121.3
5/13/2010,121.3
5/14/2010,121.3
5/15/2010,121.3
5/16/2010,121.3
5/17/2010,119.93
5/18/2010,119.93
5/19/2010,119.93
5/20/2010,119.93
5/21/2010,119.93
5/22/2010,119.93
5/23/2010,119.93
5/24/2010,118.54
5/25/2010,118.54
5/26/2010,118.54
5/27/2010,118.54
5/28/2010,118.54
5/29/2010,118.54
5/30/2010,118.54
5/31/2010,118.2
6/1/2010,118.2
6/2/2010,118.2
6/3/2010,118.2
6/4/2010,118.2
6/5/2010,118.2
6/6/2010,118.2
6/7/2010,117.87
6/8/2010,117.87
6/9/2010,117.87
6/10/2010,117.87
6/11/2010,117.87
6/12/2010,117.87
6/13/2010,117.87
6/14/2010,117.8
6/15/2010,117.8
6/16/2010,117.8
6/17/2010,117.8
6/18/2010,117.8
6/19/2010,117.8
6/20/2010,117.8
6/21/2010,117.88
6/22/2010,117.88
6/23/2010,117.88
6/24/2010,117.88
6/25/2010,117.88
6/26/2010,117.88
6/27/2010,117.88
6/28/2010,117.91
6/29/2010,117.91
6/30/2010,117.91
7/1/2010,117.91
7/2/2010,117.91
7/3/2010,117.91
7/4/2010,117.91
7/5/2010,117.39
7/6/2010,117.39
7/7/2010,117.39
7/8/2010,117.39
7/9/2010,117.39
7/10/2010,117.39
7/11/2010,117.39
7/12/2010,116.85
7/13/2010,116.85
7/14/2010,116.85
7/15/2010,116.85
7/16/2010,116.85
7/17/2010,116.85
7/18/2010,116.85
7/19/2010,116.61
7/20/2010,116.61
7/21/2010,116.61
7/22/2010,116.61
7/23/2010,116.61
7/24/2010,116.61
7/25/2010,116.61
7/26/2010,116.51
7/27/2010,116.51
7/28/2010,116.51
7/29/2010,116.51
7/30/2010,116.51
7/31/2010,116.51
8/1/2010,116.51
8/2/2010,116.35
8/3/2010,116.35
8/4/2010,116.35
8/5/2010,116.35
8/6/2010,116.35
8/7/2010,116.35
8/8/2010,116.35
8/9/2010,116.34
8/10/2010,116.34
8/11/2010,116.34
8/12/2010,116.34
8/13/2010,116.34
8/14/2010,116.34
8/15/2010,116.34
8/16/2010,115.64
8/17/2010,115.64
8/18/2010,115.64
8/19/2010,115.64
8/20/2010,115.64
8/21/2010,115.64
8/22/2010,115.64
8/23/2010,114.98
8/24/2010,114.98
8/25/2010,114.98
8/26/2010,114.98
8/27/2010,114.98
8/28/2010,114.98
8/29/2010,114.98
8/30/2010,114.59
8/31/2010,114.59
9/1/2010,114.59
9/2/2010,114.59
9/3/2010,114.59
9/4/2010,114.59
9/5/2010,114.59
9/6/2010,114.66
9/7/2010,114.66
9/8/2010,114.66
9/9/2010,114.66
9/10/2010,114.66
9/11/2010,114.66
9/12/2010,114.66
9/13/2010,115.06
9/14/2010,115.06
9/15/2010,115.06
9/16/2010,115.06
9/17/2010,115.06
9/18/2010,115.06
9/19/2010,115.06
9/20/2010,115.39
9/21/2010,115.39
9/22/2010,115.39
9/23/2010,115.39
9/24/2010,115.39
9/25/2010,115.39
9/26/2010,115.39
9/27/2010,116.01
9/28/2010,116.01
9/29/2010,116.01
9/30/2010,116.01
10/1/2010,116.01
10/2/2010,116.01
10/3/2010,116.01
10/4/2010,116.78
10/5/2010,116.78
10/6/2010,116.78
10/7/2010,116.78
10/8/2010,116.78
10/9/2010,116.78
10/10/2010,116.78
10/11/2010,117.28
10/12/2010,117.28
10/13/2010,117.28
10/14/2010,117.28
10/15/2010,117.28
10/16/2010,117.28
10/17/2010,117.28
10/18/2010,117.74
10/19/2010,117.74
10/20/2010,117.74
10/21/2010,117.74
10/22/2010,117.74
10/23/2010,117.74
10/24/2010,117.74
10/25/2010,118.18
10/26/2010,118.18
10/27/2010,118.18
10/28/2010,118.18
10/29/2010,118.18
10/30/2010,118.18
10/31/2010,118.18
11/1/2010,118.67
11/2/2010,118.67
11/3/2010,118.67
11/4/2010,118.67
11/5/2010,118.67
11/6/2010,118.67
11/7/2010,118.67
11/8/2010,118.8
11/9/2010,118.8
11/10/2010,118.8
11/11/2010,118.8
11/12/2010,118.8
11/13/2010,118.8
11/14/2010,118.8
11/15/2010,118.99
11/16/2010,118.99
11/17/2010,118.99
11/18/2010,118.99
11/19/2010,118.99
11/20/2010,118.99
11/21/2010,118.99
11/22/2010,119.21
11/23/2010,119.21
11/24/2010,119.21
11/25/2010,119.21
11/26/2010,119.21
11/27/2010,119.21
11/28/2010,119.21
11/29/2010,120.54
11/30/2010,120.54
12/1/2010,120.54
12/2/2010,120.54
12/3/2010,120.54
12/4/2010,120.54
12/5/2010,120.54
12/6/2010,121.68
12/7/2010,121.68
12/8/2010,121.68
12/9/2010,121.68
12/10/2010,121.68
12/11/2010,121.68
12/12/2010,121.68
12/13/2010,122.31
12/14/2010,122.31
12/15/2010,122.31
12/16/2010,122.31
12/17/2010,122.31
12/18/2010,122.31
12/19/2010,122.31
12/20/2010,123.44
12/21/2010,123.44
12/22/2010,123.44
12/23/2010,123.44
12/24/2010,123.44
12/25/2010,123.44
12/26/2010,123.44
12/27/2010,124.85
12/28/2010,124.85
12/29/2010,124.85
12/30/2010,124.85
12/31/2010,124.85
1/1/2011,124.85
1/2/2011,124.85
1/3/2011,127.4
1/4/2011,127.4
1/5/2011,127.4
1/6/2011,127.4
1/7/2011,127.4
1/8/2011,127.4
1/9/2011,127.4
1/10/2011,127.87
1/11/2011,127.87
1/12/2011,127.87
1/13/2011,127.87
1/14/2011,127.87
1/15/2011,127.87
1/16/2011,127.87
1/17/2011,128.35
1/18/2011,128.35
1/19/2011,128.35
1/20/2011,128.35
1/21/2011,128.35
1/22/2011,128.35
1/23/2011,128.35
1/24/2011,128.55
1/25/2011,128.55
1/26/2011,128.55
1/27/2011,128.55
1/28/2011,128.55
1/29/2011,128.55
1/30/2011,128.55
1/31/2011,128.64
2/1/2011,128.64
2/2/2011,128.64
2/3/2011,128.64
2/4/2011,128.64
2/5/2011,128.64
2/6/2011,128.64
2/7/2011,128.73
2/8/2011,128.73
2/9/2011,128.73
2/10/2011,128.73
2/11/2011,128.73
2/12/2011,128.73
2/13/2011,128.73
2/14/2011,128.92
2/15/2011,128.92
2/16/2011,128.92
2/17/2011,128.92
2/18/2011,128.92
2/19/2011,128.92
2/20/2011,128.92
2/21/2011,129.72
2/22/2011,129.72
2/23/2011,129.72
2/24/2011,129.72
2/25/2011,129.72
2/26/2011,129.72
2/27/2011,129.72
2/28/2011,131.28
3/1/2011,131.28
3/2/2011,131.28
3/3/2011,131.28
3/4/2011,131.28
3/5/2011,131.28
3/6/2011,131.28
3/7/2011,132.18
3/8/2011,132.18
3/9/2011,132.18
3/10/2011,132.18
3/11/2011,132.18
3/12/2011,132.18
3/13/2011,132.18
3/14/2011,133.11
3/15/2011,133.11
3/16/2011,133.11
3/17/2011,133.11
3/18/2011,133.11
3/19/2011,133.11
3/20/2011,133.11
3/21/2011,132.44
3/22/2011,132.44
3/23/2011,132.44
3/24/2011,132.44
3/25/2011,132.44
3/26/2011,132.44
3/27/2011,132.44
3/28/2011,132.81
3/29/2011,132.81
3/30/2011,132.81
3/31/2011,132.81
4/1/2011,132.81
4/2/2011,132.81
4/3/2011,132.81
4/4/2011,133.68
4/5/2011,133.68
4/6/2011,133.68
4/7/2011,133.68
4/8/2011,133.68
4/9/2011,133.68
4/10/2011,133.68
4/11/2011,135.06
4/12/2011,135.06
4/13/2011,135.06
4/14/2011,135.06
4/15/2011,135.06
4/16/2011,135.06
4/17/2011,135.06
4/18/2011,135.62
4/19/2011,135.62
4/20/2011,135.62
4/21/2011,135.62
4/22/2011,135.62
4/23/2011,135.62
4/24/2011,135.62
4/25/2011,136.29
4/26/2011,136.29
4/27/2011,136.29
4/28/2011,136.29
4/29/2011,136.29
4/30/2011,136.29
5/1/2011,136.29
5/2/2011,137.05
5/3/2011,137.05
5/4/2011,137.05
5/5/2011,137.05
5/6/2011,137.05
5/7/2011,137.05
5/8/2011,137.05
5/9/2011,136.4
5/10/2011,136.4
5/11/2011,136.4
5/12/2011,136.4
5/13/2011,136.4
5/14/2011,136.4
5/15/2011,136.4
5/16/2011,136.11
5/17/2011,136.11
5/18/2011,136.11
5/19/2011,136.11
5/20/2011,136.11
5/21/2011,136.11
5/22/2011,136.11
5/23/2011,135.57
5/24/2011,135.57
5/25/2011,135.57
5/26/2011,135.57
5/27/2011,135.57
5/28/2011,135.57
5/29/2011,135.57
5/30/2011,135.62
5/31/2011,135.62
6/1/2011,135.62
6/2/2011,135.62
6/3/2011,135.62
6/4/2011,135.62
6/5/2011,135.62
6/6/2011,135.86
6/7/2011,135.86
6/8/2011,135.86
6/9/2011,135.86
6/10/2011,135.86
6/11/2011,135.86
6/12/2011,135.86
6/13/2011,136.03
6/14/2011,136.03
6/15/2011,136.03
6/16/2011,136.03
6/17/2011,136.03
6/18/2011,136.03
6/19/2011,136.03
6/20/2011,134.86
6/21/2011,134.86
6/22/2011,134.86
6/23/2011,134.86
6/24/2011,134.86
6/25/2011,134.86
6/26/2011,134.86
6/27/2011,133.43
6/28/2011,133.43
6/29/2011,133.43
6/30/2011,133.43
7/1/2011,133.43
7/2/2011,133.43
7/3/2011,133.43
7/4/2011,134.18
7/5/2011,134.18
7/6/2011,134.18
7/7/2011,134.18
7/8/2011,134.18
7/9/2011,134.18
7/10/2011,134.18
7/11/2011,134.97
7/12/2011,134.97
7/13/2011,134.97
7/14/2011,134.97
7/15/2011,134.97
7/16/2011,134.97
7/17/2011,134.97
7/18/2011,135.66
7/19/2011,135.66
7/20/2011,135.66
7/21/2011,135.66
7/22/2011,135.66
7/23/2011,135.66
7/24/2011,135.66
7/25/2011,136.07
7/26/2011,136.07
7/27/2011,136.07
7/28/2011,136.07
7/29/2011,136.07
7/30/2011,136.07
7/31/2011,136.07
8/1/2011,136.46
8/2/2011,136.46
8/3/2011,136.46
8/4/2011,136.46
8/5/2011,136.46
8/6/2011,136.46
8/7/2011,136.46
8/8/2011,135.95
8/9/2011,135.95
8/10/2011,135.95
8/11/2011,135.95
8/12/2011,135.95
8/13/2011,135.95
8/14/2011,135.95
8/15/2011,134.56
8/16/2011,134.56
8/17/2011,134.56
8/18/2011,134.56
8/19/2011,134.56
8/20/2011,134.56
8/21/2011,134.56
8/22/2011,134.32
8/23/2011,134.32
8/24/2011,134.32
8/25/2011,134.32
8/26/2011,134.32
8/27/2011,134.32
8/28/2011,134.32
8/29/2011,134.62
8/30/2011,134.62
8/31/2011,134.62
9/1/2011,134.62
9/2/2011,134.62
9/3/2011,134.62
9/4/2011,134.62
9/5/2011,135
9/6/2011,135
9/7/2011,135
9/8/2011,135
9/9/2011,135
9/10/2011,135
9/11/2011,135
9/12/2011,135.4
9/13/2011,135.4
9/14/2011,135.4
9/15/2011,135.4
9/16/2011,135.4
9/17/2011,135.4
9/18/2011,135.4
9/19/2011,135.65
9/20/2011,135.65
9/21/2011,135.65
9/22/2011,135.65
9/23/2011,135.65
9/24/2011,135.65
9/25/2011,135.65
9/26/2011,135.02
9/27/2011,135.02
9/28/2011,135.02
9/29/2011,135.02
9/30/2011,135.02
10/1/2011,135.02
10/2/2011,135.02
10/3/2011,134.47
10/4/2011,134.47
10/5/2011,134.47
10/6/2011,134.47
10/7/2011,134.47
10/8/2011,134.47
10/9/2011,134.47
10/10/2011,134.49
10/11/2011,134.49
10/12/2011,134.49
10/13/2011,134.49
10/14/2011,134.49
10/15/2011,134.49
10/16/2011,134.49
10/17/2011,134.66
10/18/2011,134.66
10/19/2011,134.66
10/20/2011,134.66
10/21/2011,134.66
10/22/2011,134.66
10/23/2011,134.66
10/24/2011,134.73
10/25/2011,134.73
10/26/2011,134.73
10/27/2011,134.73
10/28/2011,134.73
10/29/2011,134.73
10/30/2011,134.73
10/31/2011,134.41
11/1/2011,134.41
11/2/2011,134.41
11/3/2011,134.41
11/4/2011,134.41
11/5/2011,134.41
11/6/2011,134.41
11/7/2011,133.68
11/8/2011,133.68
11/9/2011,133.68
11/10/2011,133.68
11/11/2011,133.68
11/12/2011,133.68
11/13/2011,133.68
11/14/2011,133.38
11/15/2011,133.38
11/16/2011,133.38
11/17/2011,133.38
11/18/2011,133.38
11/19/2011,133.38
11/20/2011,133.38
11/21/2011,133.17
11/22/2011,133.17
11/23/2011,133.17
11/24/2011,133.17
11/25/2011,133.17
11/26/2011,133.17
11/27/2011,133.17
11/28/2011,132.78
11/29/2011,132.78
11/30/2011,132.78
12/1/2011,132.78
12/2/2011,132.78
12/3/2011,132.78
12/4/2011,132.78
12/5/2011,132.53
12/6/2011,132.53
12/7/2011,132.53
12/8/2011,132.53
12/9/2011,132.53
12/10/2011,132.53
12/11/2011,132.53
12/12/2011,132.49
12/13/2011,132.49
12/14/2011,132.49
12/15/2011,132.49
12/16/2011,132.49
12/17/2011,132.49
12/18/2011,132.49
12/19/2011,132.41
12/20/2011,132.41
12/21/2011,132.41
12/22/2011,132.41
12/23/2011,132.41
12/24/2011,132.41
12/25/2011,132.41
12/26/2011,132.4
12/27/2011,132.4
12/28/2011,132.4
12/29/2011,132.4
12/30/2011,132.4
12/31/2011,132.4
1/1/2012,132.4
1/2/2012,132.68
1/3/2012,132.68
1/4/2012,132.68
1/5/2012,132.68
1/6/2012,132.68
1/7/2012,132.68
1/8/2012,132.68
1/9/2012,133.29
1/10/2012,133.29
1/11/2012,133.29
1/12/2012,133.29
1/13/2012,133.29
1/14/2012,133.29
1/15/2012,133.29
1/16/2012,133.72
1/17/2012,133.72
1/18/2012,133.72
1/19/2012,133.72
1/20/2012,133.72
1/21/2012,133.72
1/22/2012,133.72
1/23/2012,134.1
1/24/2012,134.1
1/25/2012,134.1
1/26/2012,134.1
1/27/2012,134.1
1/28/2012,134.1
1/29/2012,134.1
1/30/2012,134.25
1/31/2012,134.25
2/1/2012,134.25
2/2/2012,134.25
2/3/2012,134.25
2/4/2012,134.25
2/5/2012,134.25
2/6/2012,134.9
2/7/2012,134.9
2/8/2012,134.9
2/9/2012,134.9
2/10/2012,134.9
2/11/2012,134.9
2/12/2012,134.9
2/13/2012,135.21
2/14/2012,135.21
2/15/2012,135.21
2/16/2012,135.21
2/17/2012,135.21
2/18/2012,135.21
2/19/2012,135.21
2/20/2012,136.21
2/21/2012,136.21
2/22/2012,136.21
2/23/2012,136.21
2/24/2012,136.21
2/25/2012,136.21
2/26/2012,136.21
2/27/2012,137.3
2/28/2012,137.3
2/29/2012,137.3
3/1/2012,137.3
3/2/2012,137.3
3/3/2012,137.3
3/4/2012,137.3
3/5/2012,137.9
3/6/2012,137.9
3/7/2012,137.9
3/8/2012,137.9
3/9/2012,137.9
3/10/2012,137.9
3/11/2012,137.9
3/12/2012,138.96
3/13/2012,138.96
3/14/2012,138.96
3/15/2012,138.96
3/16/2012,138.96
3/17/2012,138.96
3/18/2012,138.96
3/19/2012,139.48
3/20/2012,139.48
3/21/2012,139.48
3/22/2012,139.48
3/23/2012,139.48
3/24/2012,139.48
3/25/2012,139.48
3/26/2012,140.99
3/27/2012,140.99
3/28/2012,140.99
3/29/2012,140.99
3/30/2012,140.99
3/31/2012,140.99
4/1/2012,140.99
4/2/2012,141.97
4/3/2012,141.97
4/4/2012,141.97
4/5/2012,141.97
4/6/2012,141.97
4/7/2012,141.97
4/8/2012,141.97
4/9/2012,142.17
4/10/2012,142.17
4/11/2012,142.17
4/12/2012,142.17
4/13/2012,142.17
4/14/2012,142.17
4/15/2012,142.17
4/16/2012,141.76
4/17/2012,141.76
4/18/2012,141.76
4/19/2012,141.76
4/20/2012,141.76
4/21/2012,141.76
4/22/2012,141.76
4/23/2012,141
4/24/2012,141
4/25/2012,141
4/26/2012,141
4/27/2012,141
4/28/2012,141
4/29/2012,141
4/30/2012,140.14
5/1/2012,140.14
5/2/2012,140.14
5/3/2012,140.14
5/4/2012,140.14
5/5/2012,140.14
5/6/2012,140.14
5/7/2012,138.29
5/8/2012,138.29
5/9/2012,138.29
5/10/2012,138.29
5/11/2012,138.29
5/12/2012,138.29
5/13/2012,138.29
5/14/2012,135.77
5/15/2012,135.77
5/16/2012,135.77
5/17/2012,135.77
5/18/2012,135.77
5/19/2012,135.77
5/20/2012,135.77
5/21/2012,134.37
5/22/2012,134.37
5/23/2012,134.37
5/24/2012,134.37
5/25/2012,134.37
5/26/2012,134.37
5/27/2012,134.37
5/28/2012,134.06
5/29/2012,134.06
5/30/2012,134.06
5/31/2012,134.06
6/1/2012,134.06
6/2/2012,134.06
6/3/2012,134.06
6/4/2012,133.67
6/5/2012,133.67
6/6/2012,133.67
6/7/2012,133.67
6/8/2012,133.67
6/9/2012,133.67
6/10/2012,133.67
6/11/2012,131.99
6/12/2012,131.99
6/13/2012,131.99
6/14/2012,131.99
6/15/2012,131.99
6/16/2012,131.99
6/17/2012,131.99
6/18/2012,131.55
6/19/2012,131.55
6/20/2012,131.55
6/21/2012,131.55
6/22/2012,131.55
6/23/2012,131.55
6/24/2012,131.55
6/25/2012,130.5
6/26/2012,130.5
6/27/2012,130.5
6/28/2012,130.5
6/29/2012,130.5
6/30/2012,130.5
7/1/2012,130.5
7/2/2012,131.06
7/3/2012,131.06
7/4/2012,131.06
7/5/2012,131.06
7/6/2012,131.06
7/7/2012,131.06
7/8/2012,131.06
7/9/2012,131.49
7/10/2012,131.49
7/11/2012,131.49
7/12/2012,131.49
7/13/2012,131.49
7/14/2012,131.49
7/15/2012,131.49
7/16/2012,132.21
7/17/2012,132.21
7/18/2012,132.21
7/19/2012,132.21
7/20/2012,132.21
7/21/2012,132.21
7/22/2012,132.21
7/23/2012,132.78
7/24/2012,132.78
7/25/2012,132.78
7/26/2012,132.78
7/27/2012,132.78
7/28/2012,132.78
7/29/2012,132.78
7/30/2012,133.39
7/31/2012,133.39
8/1/2012,133.39
8/2/2012,133.39
8/3/2012,133.39
8/4/2012,133.39
8/5/2012,133.39
8/6/2012,134.27
8/7/2012,134.27
8/8/2012,134.27
8/9/2012,134.27
8/10/2012,134.27
8/11/2012,134.27
8/12/2012,134.27
8/13/2012,135.72
8/14/2012,135.72
8/15/2012,135.72
8/16/2012,135.72
8/17/2012,135.72
8/18/2012,135.72
8/19/2012,135.72
8/20/2012,137.1
8/21/2012,137.1
8/22/2012,137.1
8/23/2012,137.1
8/24/2012,137.1
8/25/2012,137.1
8/26/2012,137.1
8/27/2012,138.03
8/28/2012,138.03
8/29/2012,138.03
8/30/2012,138.03
8/31/2012,138.03
9/1/2012,138.03
9/2/2012,138.03
9/3/2012,138.91
9/4/2012,138.91
9/5/2012,138.91
9/6/2012,138.91
9/7/2012,138.91
9/8/2012,138.91
9/9/2012,138.91
9/10/2012,139.42
9/11/2012,139.42
9/12/2012,139.42
9/13/2012,139.42
9/14/2012,139.42
9/15/2012,139.42
9/16/2012,139.42
9/17/2012,139.54
9/18/2012,139.54
9/19/2012,139.54
9/20/2012,139.54
9/21/2012,139.54
9/22/2012,139.54
9/23/2012,139.54
9/24/2012,138.43
9/25/2012,138.43
9/26/2012,138.43
9/27/2012,138.43
9/28/2012,138.43
9/29/2012,138.43
9/30/2012,138.43
10/1/2012,138.24
10/2/2012,138.24
10/3/2012,138.24
10/4/2012,138.24
10/5/2012,138.24
10/6/2012,138.24
10/7/2012,138.24
10/8/2012,138.35
10/9/2012,138.35
10/10/2012,138.35
10/11/2012,138.35
10/12/2012,138.35
10/13/2012,138.35
10/14/2012,138.35
10/15/2012,138.29
10/16/2012,138.29
10/17/2012,138.29
10/18/2012,138.29
10/19/2012,138.29
10/20/2012,138.29
10/21/2012,138.29
10/22/2012,136.98
10/23/2012,136.98
10/24/2012,136.98
10/25/2012,136.98
10/26/2012,136.98
10/27/2012,136.98
10/28/2012,136.98
10/29/2012,136.43
10/30/2012,136.43
10/31/2012,136.43
11/1/2012,136.43
11/2/2012,136.43
11/3/2012,136.43
11/4/2012,136.43
11/5/2012,135.09
11/6/2012,135.09
11/7/2012,135.09
11/8/2012,135.09
11/9/2012,135.09
11/10/2012,135.09
11/11/2012,135.09
11/12/2012,134.56
11/13/2012,134.56
11/14/2012,134.56
11/15/2012,134.56
11/16/2012,134.56
11/17/2012,134.56
11/18/2012,134.56
11/19/2012,134.38
11/20/2012,134.38
11/21/2012,134.38
11/22/2012,134.38
11/23/2012,134.38
11/24/2012,134.38
11/25/2012,134.38
11/26/2012,133.05
11/27/2012,133.05
11/28/2012,133.05
11/29/2012,133.05
11/30/2012,133.05
12/1/2012,133.05
12/2/2012,133.05
12/3/2012,132.55
12/4/2012,132.55
12/5/2012,132.55
12/6/2012,132.55
12/7/2012,132.55
12/8/2012,132.55
12/9/2012,132.55
12/10/2012,131.98
12/11/2012,131.98
12/12/2012,131.98
12/13/2012,131.98
12/14/2012,131.98
12/15/2012,131.98
12/16/2012,131.98
12/17/2012,131.95
12/18/2012,131.95
12/19/2012,131.95
12/20/2012,131.95
12/21/2012,131.95
12/22/2012,131.95
12/23/2012,131.95
12/24/2012,131.92
12/25/2012,131.92
12/26/2012,131.92
12/27/2012,131.92
12/28/2012,131.92
12/29/2012,131.92
12/30/2012,131.92
12/31/2012,131.86
1/1/2013,131.86
1/2/2013,131.86
1/3/2013,131.86
1/4/2013,131.86
1/5/2013,131.86
1/6/2013,131.86
1/7/2013,132
1/8/2013,132
1/9/2013,132
1/10/2013,132
1/11/2013,132
1/12/2013,132
1/13/2013,132
1/14/2013,132.21
1/15/2013,132.21
1/16/2013,132.21
1/17/2013,132.21
1/18/2013,132.21
1/19/2013,132.21
1/20/2013,132.21
1/21/2013,132.95
1/22/2013,132.95
1/23/2013,132.95
1/24/2013,132.95
1/25/2013,132.95
1/26/2013,132.95
1/27/2013,132.95
1/28/2013,134.38
1/29/2013,134.38
1/30/2013,134.38
1/31/2013,134.38
2/1/2013,134.38
2/2/2013,134.38
2/3/2013,134.38
2/4/2013,135.56
2/5/2013,135.56
2/6/2013,135.56
2/7/2013,135.56
2/8/2013,135.56
2/9/2013,135.56
2/10/2013,135.56
2/11/2013,136.86
2/12/2013,136.86
2/13/2013,136.86
2/14/2013,136.86
2/15/2013,136.86
2/16/2013,136.86
2/17/2013,136.86
2/18/2013,138.5
2/19/2013,138.5
2/20/2013,138.5
2/21/2013,138.5
2/22/2013,138.5
2/23/2013,138.5
2/24/2013,138.5
2/25/2013,139.47
2/26/2013,139.47
2/27/2013,139.47
2/28/2013,139.47
3/1/2013,139.47
3/2/2013,139.47
3/3/2013,139.47
3/4/2013,140
3/5/2013,140
3/6/2013,140
3/7/2013,140
3/8/2013,140
3/9/2013,140
3/10/2013,140
3/11/2013,137.58
3/12/2013,137.58
3/13/2013,137.58
3/14/2013,137.58
3/15/2013,137.58
3/16/2013,137.58
3/17/2013,137.58
3/18/2013,137.09
3/19/2013,137.09
3/20/2013,137.09
3/21/2013,137.09
3/22/2013,137.09
3/23/2013,137.09
3/24/2013,137.09
3/25/2013,137.3
3/26/2013,137.3
3/27/2013,137.3
3/28/2013,137.3
3/29/2013,137.3
3/30/2013,137.3
3/31/2013,137.3
4/1/2013,137.31
4/2/2013,137.31
4/3/2013,137.31
4/4/2013,137.31
4/5/2013,137.31
4/6/2013,137.31
4/7/2013,137.31
4/8/2013,137.11
4/9/2013,137.11
4/10/2013,137.11
4/11/2013,137.11
4/12/2013,137.11
4/13/2013,137.11
4/14/2013,137.11
4/15/2013,135.68
4/16/2013,135.68
4/17/2013,135.68
4/18/2013,135.68
4/19/2013,135.68
4/20/2013,135.68
4/21/2013,135.68
4/22/2013,134.66
4/23/2013,134.66
4/24/2013,134.66
4/25/2013,134.66
4/26/2013,134.66
4/27/2013,134.66
4/28/2013,134.66
4/29/2013,133.42
4/30/2013,133.42
5/1/2013,133.42
5/2/2013,133.42
5/3/2013,133.42
5/4/2013,133.42
5/5/2013,133.42
5/6/2013,133.12
5/7/2013,133.12
5/8/2013,133.12
5/9/2013,133.12
5/10/2013,133.12
5/11/2013,133.12
5/12/2013,133.12
5/13/2013,133.17
5/14/2013,133.17
5/15/2013,133.17
5/16/2013,133.17
5/17/2013,133.17
5/18/2013,133.17
5/19/2013,133.17
5/20/2013,133.64
5/21/2013,133.64
5/22/2013,133.64
5/23/2013,133.64
5/24/2013,133.64
5/25/2013,133.64
5/26/2013,133.64
5/27/2013,134.04
5/28/2013,134.04
5/29/2013,134.04
5/30/2013,134.04
5/31/2013,134.04
6/1/2013,134.04
6/2/2013,134.04
6/3/2013,134.3
6/4/2013,134.3
6/5/2013,134.3
6/6/2013,134.3
6/7/2013,134.3
6/8/2013,134.3
6/9/2013,134.3
6/10/2013,134.46
6/11/2013,134.46
6/12/2013,134.46
6/13/2013,134.46
6/14/2013,134.46
6/15/2013,134.46
6/16/2013,134.46
6/17/2013,134.52
6/18/2013,134.52
6/19/2013,134.52
6/20/2013,134.52
6/21/2013,134.52
6/22/2013,134.52
6/23/2013,134.52
6/24/2013,133.44
6/25/2013,133.44
6/26/2013,133.44
6/27/2013,133.44
6/28/2013,133.44
6/29/2013,133.44
6/30/2013,133.44
7/1/2013,133.77
7/2/2013,133.77
7/3/2013,133.77
7/4/2013,133.77
7/5/2013,133.77
7/6/2013,133.77
7/7/2013,133.77
7/8/2013,134.95
7/9/2013,134.95
7/10/2013,134.95
7/11/2013,134.95
7/12/2013,134.95
7/13/2013,134.95
7/14/2013,134.95
7/15/2013,136.04
7/16/2013,136.04
7/17/2013,136.04
7/18/2013,136.04
7/19/2013,136.04
7/20/2013,136.04
7/21/2013,136.04
7/22/2013,136.87
7/23/2013,136.87
7/24/2013,136.87
7/25/2013,136.87
7/26/2013,136.87
7/27/2013,136.87
7/28/2013,136.87
7/29/2013,137.02
7/30/2013,137.02
7/31/2013,137.02
8/1/2013,137.02
8/2/2013,137.02
8/3/2013,137.02
8/4/2013,137.02
8/5/2013,137.13
8/6/2013,137.13
8/7/2013,137.13
8/8/2013,137.13
8/9/2013,137.13
8/10/2013,137.13
8/11/2013,137.13
8/12/2013,137
8/13/2013,137
8/14/2013,137
8/15/2013,137
8/16/2013,137
8/17/2013,137
8/18/2013,137
8/19/2013,136.83
8/20/2013,136.83
8/21/2013,136.83
8/22/2013,136.83
8/23/2013,136.83
8/24/2013,136.83
8/25/2013,136.83
8/26/2013,136.83
8/27/2013,136.83
8/28/2013,137.14
8/29/2013,137.14
8/30/2013,137.14
8/31/2013,137.14
9/1/2013,137.14
9/2/2013,137.6
9/3/2013,137.6
9/4/2013,137.6
9/5/2013,137.6
9/6/2013,137.6
9/7/2013,137.6
9/8/2013,137.6
9/9/2013,137.47
9/10/2013,137.47
9/11/2013,137.47
9/12/2013,137.47
9/13/2013,137.47
9/14/2013,137.47
9/15/2013,137.47
9/16/2013,136.95
9/17/2013,136.95
9/18/2013,136.95
9/19/2013,136.95
9/20/2013,136.95
9/21/2013,136.95
9/22/2013,136.95
9/23/2013,133.4
9/24/2013,133.4
9/25/2013,133.4
9/26/2013,133.4
9/27/2013,133.4
9/28/2013,133.4
9/29/2013,133.4
9/30/2013,131.62
10/1/2013,131.62
10/2/2013,131.62
10/3/2013,131.62
10/4/2013,131.62
10/5/2013,131.62
10/6/2013,131.62
10/7/2013,131.67
10/8/2013,131.67
10/9/2013,131.67
10/10/2013,131.67
10/11/2013,131.67
10/12/2013,131.67
10/13/2013,131.67
10/14/2013,131.53
10/15/2013,131.53
10/16/2013,131.53
10/17/2013,131.53
10/18/2013,131.53
10/19/2013,131.53
10/20/2013,131.53
10/21/2013,131.42
10/22/2013,131.42
10/23/2013,131.42
10/24/2013,131.42
10/25/2013,131.42
10/26/2013,131.42
10/27/2013,131.42
10/28/2013,129.92
10/29/2013,129.92
10/30/2013,129.92
10/31/2013,129.92
11/1/2013,129.92
11/2/2013,129.92
11/3/2013,129.92
11/4/2013,129.71
11/5/2013,129.71
11/6/2013,129.71
11/7/2013,129.71
11/8/2013,129.71
11/9/2013,129.71
11/10/2013,129.71
11/11/2013,129.89
11/12/2013,129.89
11/13/2013,129.89
11/14/2013,129.89
11/15/2013,129.89
11/16/2013,129.89
11/17/2013,129.89
11/18/2013,130.03
11/19/2013,130.03
11/20/2013,130.03
11/21/2013,130.03
11/22/2013,130.03
11/23/2013,130.03
11/24/2013,130.03
11/25/2013,130.25
11/26/2013,130.25
11/27/2013,130.25
11/28/2013,130.25
11/29/2013,130.25
11/30/2013,130.25
12/1/2013,130.25
12/2/2013,130.76
12/3/2013,130.76
12/4/2013,130.76
12/5/2013,130.76
12/6/2013,130.76
12/7/2013,130.76
12/8/2013,130.76
12/9/2013,130.96
12/10/2013,130.96
12/11/2013,130.96
12/12/2013,130.96
12/13/2013,130.96
12/14/2013,130.96
12/15/2013,130.96
12/16/2013,130.05
12/17/2013,130.05
12/18/2013,130.05
12/19/2013,130.05
12/20/2013,130.05
12/21/2013,130.05
12/22/2013,130.05
12/23/2013,130.03
12/24/2013,130.03
12/25/2013,130.03
12/26/2013,130.03
12/27/2013,130.03
12/28/2013,130.03
12/29/2013,130.03
12/30/2013,130.26
12/31/2013,130.26
1/1/2014,130.26
1/2/2014,130.26
1/3/2014,130.26
1/4/2014,130.26
1/5/2014,130.26
1/6/2014,130.36
1/7/2014,130.36
1/8/2014,130.36
1/9/2014,130.36
1/10/2014,130.36
1/11/2014,130.36
1/12/2014,130.36
1/13/2014,129.37
1/14/2014,129.37
1/15/2014,129.37
1/16/2014,129.37
1/17/2014,129.37
1/18/2014,129.37
1/19/2014,129.37
1/20/2014,129.02
1/21/2014,129.02
1/22/2014,129.02
1/23/2014,129.02
1/24/2014,129.02
1/25/2014,129.02
1/26/2014,129.02
1/27/2014,128.85
1/28/2014,128.85
1/29/2014,128.85
1/30/2014,128.85
1/31/2014,128.85
2/1/2014,128.85
2/2/2014,128.85
2/3/2014,128.81
2/4/2014,128.81
2/5/2014,128.81
2/6/2014,128.81
2/7/2014,128.81
2/8/2014,128.81
2/9/2014,128.81
2/10/2014,129.16
2/11/2014,129.16
2/12/2014,129.16
2/13/2014,129.16
2/14/2014,129.16
2/15/2014,129.16
2/16/2014,129.16
2/17/2014,129.2
2/18/2014,129.2
2/19/2014,129.2
2/20/2014,129.2
2/21/2014,129.2
2/22/2014,129.2
2/23/2014,129.2
2/24/2014,129.36
2/25/2014,129.36
2/26/2014,129.36
2/27/2014,129.36
2/28/2014,129.36
3/1/2014,129.36
3/2/2014,129.36
3/3/2014,129.39
3/4/2014,129.39
3/5/2014,129.39
3/6/2014,129.39
3/7/2014,129.39
3/8/2014,129.39
3/9/2014,129.39
3/10/2014,128.76
3/11/2014,128.76
3/12/2014,128.76
3/13/2014,128.76
3/14/2014,128.76
3/15/2014,128.76
3/16/2014,128.76
3/17/2014,128.57
3/18/2014,128.57
3/19/2014,128.57
3/20/2014,128.57
3/21/2014,128.57
3/22/2014,128.57
3/23/2014,128.57
3/24/2014,128.76
3/25/2014,128.76
3/26/2014,128.76
3/27/2014,128.76
3/28/2014,128.76
3/29/2014,128.76
3/30/2014,128.76
3/31/2014,128.71
4/1/2014,128.71
4/2/2014,128.71
4/3/2014,128.71
4/4/2014,128.71
4/5/2014,128.71
4/6/2014,128.71
4/7/2014,128.89
4/8/2014,128.89
4/9/2014,128.89
4/10/2014,128.89
4/11/2014,128.89
4/12/2014,128.89
4/13/2014,128.89
4/14/2014,129.11
4/15/2014,129.11
4/16/2014,129.11
4/17/2014,129.11
4/18/2014,129.11
4/19/2014,129.11
4/20/2014,129.11
4/21/2014,129.09
4/22/2014,129.09
4/23/2014,129.09
4/24/2014,129.09
4/25/2014,129.09
4/26/2014,129.09
4/27/2014,129.09
4/28/2014,129.27
4/29/2014,129.27
4/30/2014,129.27
5/1/2014,129.27
5/2/2014,129.27
5/3/2014,129.27
5/4/2014,129.27
5/5/2014,129.5
5/6/2014,129.5
5/7/2014,129.5
5/8/2014,129.5
5/9/2014,129.5
5/10/2014,129.5
5/11/2014,129.5
5/12/2014,129.42
5/13/2014,129.42
5/14/2014,129.42
5/15/2014,129.42
5/16/2014,129.42
5/17/2014,129.42
5/18/2014,129.42
5/19/2014,129.51
5/20/2014,129.51
5/21/2014,129.51
5/22/2014,129.51
5/23/2014,129.51
5/24/2014,129.51
5/25/2014,129.51
5/26/2014,129.63
5/27/2014,129.63
5/28/2014,129.63
5/29/2014,129.63
5/30/2014,129.63
5/31/2014,129.63
6/1/2014,129.63
6/2/2014,129.69
6/3/2014,129.69
6/4/2014,129.69
6/5/2014,129.69
6/6/2014,129.69
6/7/2014,129.69
6/8/2014,129.69
6/9/2014,129.88
6/10/2014,129.88
6/11/2014,129.88
6/12/2014,129.88
6/13/2014,129.88
6/14/2014,129.88
6/15/2014,129.88
6/16/2014,130.14
6/17/2014,130.14
6/18/2014,130.14
6/19/2014,130.14
6/20/2014,130.14
6/21/2014,130.14
6/22/2014,130.14
6/23/2014,130.69
6/24/2014,130.69
6/25/2014,130.69
6/26/2014,130.69
6/27/2014,130.69
6/28/2014,130.69
6/29/2014,130.69
6/30/2014,131.1
7/1/2014,131.1
7/2/2014,131.1
7/3/2014,131.1
7/4/2014,131.1
7/5/2014,131.1
7/6/2014,131.1
7/7/2014,131.11
7/8/2014,131.11
7/9/2014,131.11
7/10/2014,131.11
7/11/2014,131.11
7/12/2014,131.11
7/13/2014,131.11
7/14/2014,131.04
7/15/2014,131.04
7/16/2014,131.04
7/17/2014,131.04
7/18/2014,131.04
7/19/2014,131.04
7/20/2014,131.04
7/21/2014,130.83
7/22/2014,130.83
7/23/2014,130.83
7/24/2014,130.83
7/25/2014,130.83
7/26/2014,130.83
7/27/2014,130.83
7/28/2014,129.63
7/29/2014,129.63
7/30/2014,129.63
7/31/2014,129.63
8/1/2014,129.63
8/2/2014,129.63
8/3/2014,129.63
8/4/2014,129.41
8/5/2014,129.41
8/6/2014,129.41
8/7/2014,129.41
8/8/2014,129.41
8/9/2014,129.41
8/10/2014,129.41
8/11/2014,129.29
8/12/2014,129.29
8/13/2014,129.29
8/14/2014,129.29
8/15/2014,129.29
8/16/2014,129.29
8/17/2014,129.29
8/18/2014,128.34
8/19/2014,128.34
8/20/2014,128.34
8/21/2014,128.34
8/22/2014,128.34
8/23/2014,128.34
8/24/2014,128.34
8/25/2014,128.01
8/26/2014,128.01
8/27/2014,128.01
8/28/2014,128.01
8/29/2014,128.01
8/30/2014,128.01
8/31/2014,128.01
9/1/2014,128.34
9/2/2014,128.34
9/3/2014,128.34
9/4/2014,128.34
9/5/2014,128.34
9/6/2014,128.34
9/7/2014,128.34
9/8/2014,128.43
9/9/2014,128.43
9/10/2014,128.43
9/11/2014,128.43
9/12/2014,128.43
9/13/2014,128.43
9/14/2014,128.43
9/15/2014,128.62
9/16/2014,128.62
9/17/2014,128.62
9/18/2014,128.62
9/19/2014,128.62
9/20/2014,128.62
9/21/2014,128.62
9/22/2014,128.59
9/23/2014,128.59
9/24/2014,128.59
9/25/2014,128.59
9/26/2014,128.59
9/27/2014,128.59
9/28/2014,128.59
9/29/2014,126.78
9/30/2014,126.78
10/1/2014,126.78
10/2/2014,126.78
10/3/2014,126.78
10/4/2014,126.78
10/5/2014,126.78
10/6/2014,126.5
10/7/2014,126.5
10/8/2014,126.5
10/9/2014,126.5
10/10/2014,126.5
10/11/2014,126.5
10/12/2014,126.5
10/13/2014,125.4
10/14/2014,125.4
10/15/2014,125.4
10/16/2014,125.4
10/17/2014,125.4
10/18/2014,125.4
10/19/2014,125.4
10/20/2014,125.11
10/21/2014,125.11
10/22/2014,125.11
10/23/2014,125.11
10/24/2014,125.11
10/25/2014,125.11
10/26/2014,125.11
10/27/2014,123.94
10/28/2014,123.94
10/29/2014,123.94
10/30/2014,123.94
10/31/2014,123.94
11/1/2014,123.94
11/2/2014,123.94
11/3/2014,122.94
11/4/2014,122.94
11/5/2014,122.94
11/6/2014,122.94
11/7/2014,122.94
11/8/2014,122.94
11/9/2014,122.94
11/10/2014,122.5
11/11/2014,122.5
11/12/2014,122.5
11/13/2014,122.5
11/14/2014,122.5
11/15/2014,122.5
11/16/2014,122.5
11/17/2014,122.29
11/18/2014,122.29
11/19/2014,122.29
11/20/2014,122.29
11/21/2014,122.29
11/22/2014,122.29
11/23/2014,122.29
11/24/2014,121.18
11/25/2014,121.18
11/26/2014,121.18
11/27/2014,121.18
11/28/2014,121.18
11/29/2014,121.18
11/30/2014,121.18
12/1/2014,119.83
12/2/2014,119.83
12/3/2014,119.83
12/4/2014,119.83
12/5/2014,119.83
12/6/2014,119.83
12/7/2014,119.83
12/8/2014,116.3
12/9/2014,116.3
12/10/2014,116.3
12/11/2014,116.3
12/12/2014,116.3
12/13/2014,116.3
12/14/2014,116.3
12/15/2014,113.66
12/16/2014,113.66
12/17/2014,113.66
12/18/2014,113.66
12/19/2014,113.66
12/20/2014,113.66
12/21/2014,113.66
12/22/2014,113.16
12/23/2014,113.16
12/24/2014,113.16
12/25/2014,113.16
12/26/2014,113.16
12/27/2014,113.16
12/28/2014,113.16
12/29/2014,111.06
12/30/2014,111.06
12/31/2014,111.06
1/1/2015,111.06
1/2/2015,111.06
1/3/2015,111.06
1/4/2015,111.06
1/5/2015,108.87
1/6/2015,108.87
1/7/2015,108.87
1/8/2015,108.87
1/9/2015,108.87
1/10/2015,108.87
1/11/2015,108.87
1/12/2015,106.83
1/13/2015,106.83
1/14/2015,106.83
1/15/2015,106.83
1/16/2015,106.83
1/17/2015,106.83
1/18/2015,106.83
1/19/2015,106.32
1/20/2015,106.32
1/21/2015,106.32
1/22/2015,106.32
1/23/2015,106.32
1/24/2015,106.32
1/25/2015,106.32
1/26/2015,106.04
1/27/2015,106.04
1/28/2015,106.04
1/29/2015,106.04
1/30/2015,106.04
1/31/2015,106.04
2/1/2015,106.04
2/2/2015,106.35
2/3/2015,106.35
2/4/2015,106.35
2/5/2015,106.35
2/6/2015,106.35
2/7/2015,106.35
2/8/2015,106.35
2/9/2015,107.26
2/10/2015,107.26
2/11/2015,107.26
2/12/2015,107.26
2/13/2015,107.26
2/14/2015,107.26
2/15/2015,107.26
2/16/2015,108.34
2/17/2015,108.34
2/18/2015,108.34
2/19/2015,108.34
2/20/2015,108.34
2/21/2015,108.34
2/22/2015,108.34
2/23/2015,109.2
2/24/2015,109.2
2/25/2015,109.2
2/26/2015,109.2
2/27/2015,109.2
2/28/2015,109.2
3/1/2015,109.2
3/2/2015,110.07
3/3/2015,110.07
3/4/2015,110.07
3/5/2015,110.07
3/6/2015,110.07
3/7/2015,110.07
3/8/2015,110.07
3/9/2015,111.04
3/10/2015,111.04
3/11/2015,111.04
3/12/2015,111.04
3/13/2015,111.04
3/14/2015,111.04
3/15/2015,111.04
3/16/2015,111.65
3/17/2015,111.65
3/18/2015,111.65
3/19/2015,111.65
3/20/2015,111.65
3/21/2015,111.65
3/22/2015,111.65
3/23/2015,112.06
3/24/2015,112.06
3/25/2015,112.06
3/26/2015,112.06
3/27/2015,112.06
3/28/2015,112.06
3/29/2015,112.06
3/30/2015,112.37
3/31/2015,112.37
4/1/2015,112.37
4/2/2015,112.37
4/3/2015,112.37
4/4/2015,112.37
4/5/2015,112.37
4/6/2015,112.52
4/7/2015,112.52
4/8/2015,112.52
4/9/2015,112.52
4/10/2015,112.52
4/11/2015,112.52
4/12/2015,112.52
4/13/2015,112.87
4/14/2015,112.87
4/15/2015,112.87
4/16/2015,112.87
4/17/2015,112.87
4/18/2015,112.87
4/19/2015,112.87
4/20/2015,113.55
4/21/2015,113.55
4/22/2015,113.55
4/23/2015,113.55
4/24/2015,113.55
4/25/2015,113.55
4/26/2015,113.55
4/27/2015,114.27
4/28/2015,114.27
4/29/2015,114.27
4/30/2015,114.27
5/1/2015,114.27
5/2/2015,114.27
5/3/2015,114.27
5/4/2015,115.1
5/5/2015,115.1
5/6/2015,115.1
5/7/2015,115.1
5/8/2015,115.1
5/9/2015,115.1
5/10/2015,115.1
5/11/2015,115.74
5/12/2015,115.74
5/13/2015,115.74
5/14/2015,115.74
5/15/2015,115.74
5/16/2015,115.74
5/17/2015,115.74
5/18/2015,116.02
5/19/2015,116.02
5/20/2015,116.02
5/21/2015,116.02
5/22/2015,116.02
5/23/2015,116.02
5/24/2015,116.02
5/25/2015,116.13
5/26/2015,116.13
5/27/2015,116.13
5/28/2015,116.13
5/29/2015,116.13
5/30/2015,116.13
5/31/2015,116.13
6/1/2015,116.26
6/2/2015,116.26
6/3/2015,116.26
6/4/2015,116.26
6/5/2015,116.26
6/6/2015,116.26
6/7/2015,116.26
6/8/2015,116.39
6/9/2015,116.39
6/10/2015,116.39
6/11/2015,116.39
6/12/2015,116.39
6/13/2015,116.39
6/14/2015,116.39
6/15/2015,116.6
6/16/2015,116.6
6/17/2015,116.6
6/18/2015,116.6
6/19/2015,116.6
6/20/2015,116.6
6/21/2015,116.6
6/22/2015,116.55
6/23/2015,116.55
6/24/2015,116.55
6/25/2015,116.55
6/26/2015,116.55
6/27/2015,116.55
6/28/2015,116.55
6/29/2015,116.34
6/30/2015,116.34
7/1/2015,116.34
7/2/2015,116.34
7/3/2015,116.34
7/4/2015,116.34
7/5/2015,116.34
7/6/2015,116.41
7/7/2015,116.41
7/8/2015,116.41
7/9/2015,116.41
7/10/2015,116.41
7/11/2015,116.41
7/12/2015,116.41
7/13/2015,116.79
7/14/2015,116.79
7/15/2015,116.79
7/16/2015,116.79
7/17/2015,116.79
7/18/2015,116.79
7/19/2015,116.79
7/20/2015,116.44
7/21/2015,116.44
7/22/2015,116.44
7/23/2015,116.44
7/24/2015,116.44
7/25/2015,116.44
7/26/2015,116.44
7/27/2015,116.12
7/28/2015,116.12
7/29/2015,116.12
7/30/2015,116.12
7/31/2015,116.12
8/1/2015,116.12
8/2/2015,116.12
8/3/2015,115.48
8/4/2015,115.48
8/5/2015,115.48
8/6/2015,115.48
8/7/2015,115.48
8/8/2015,115.48
8/9/2015,115.48
8/10/2015,114.58
8/11/2015,114.58
8/12/2015,114.58
8/13/2015,114.58
8/14/2015,114.58
8/15/2015,114.58
8/16/2015,114.58
8/17/2015,113.23
8/18/2015,113.23
8/19/2015,113.23
8/20/2015,113.23
8/21/2015,113.23
8/22/2015,113.23
8/23/2015,113.23
8/24/2015,111.21
8/25/2015,111.21
8/26/2015,111.21
8/27/2015,111.21
8/28/2015,111.21
8/29/2015,111.21
8/30/2015,111.21
8/31/2015,110.9
9/1/2015,110.9
9/2/2015,110.9
9/3/2015,110.9
9/4/2015,110.9
9/5/2015,110.9
9/6/2015,110.9
9/7/2015,110.6
9/8/2015,110.6
9/9/2015,110.6
9/10/2015,110.6
9/11/2015,110.6
9/12/2015,110.6
9/13/2015,110.6
9/14/2015,110.61
9/15/2015,110.61
9/16/2015,110.61
9/17/2015,110.61
9/18/2015,110.61
9/19/2015,110.61
9/20/2015,110.61
9/21/2015,109.47
9/22/2015,109.47
9/23/2015,109.47
9/24/2015,109.47
9/25/2015,109.47
9/26/2015,109.47
9/27/2015,109.47
9/28/2015,108.94
9/29/2015,108.94
9/30/2015,108.94
10/1/2015,108.94
10/2/2015,108.94
10/3/2015,108.94
10/4/2015,108.94
10/5/2015,108.97
10/6/2015,108.97
10/7/2015,108.97
10/8/2015,108.97
10/9/2015,108.97
10/10/2015,108.97
10/11/2015,108.97
10/12/2015,109.01
10/13/2015,109.01
10/14/2015,109.01
10/15/2015,109.01
10/16/2015,109.01
10/17/2015,109.01
10/18/2015,109.01
10/19/2015,108.04
10/20/2015,108.04
10/21/2015,108.04
10/22/2015,108.04
10/23/2015,108.04
10/24/2015,108.04
10/25/2015,108.04
10/26/2015,107.21
10/27/2015,107.21
10/28/2015,107.21
10/29/2015,107.21
10/30/2015,107.21
10/31/2015,107.21
11/1/2015,107.21
11/2/2015,107.14
11/3/2015,107.14
11/4/2015,107.14
11/5/2015,107.14
11/6/2015,107.14
11/7/2015,107.14
11/8/2015,107.14
11/9/2015,107.36
11/10/2015,107.36
11/11/2015,107.36
11/12/2015,107.36
11/13/2015,107.36
11/14/2015,107.36
11/15/2015,107.36
11/16/2015,107.29
11/17/2015,107.29
11/18/2015,107.29
11/19/2015,107.29
11/20/2015,107.29
11/21/2015,107.29
11/22/2015,107.29
11/23/2015,106.97
11/24/2015,106.97
11/25/2015,106.97
11/26/2015,106.97
11/27/2015,106.97
11/28/2015,106.97
11/29/2015,106.97
11/30/2015,106.75
12/1/2015,106.75
12/2/2015,106.75
12/3/2015,106.75
12/4/2015,106.75
12/5/2015,106.75
12/6/2015,106.75
12/7/2015,104
12/8/2015,104
12/9/2015,104
12/10/2015,104
12/11/2015,104
12/12/2015,104
12/13/2015,104
12/14/2015,102.33
12/15/2015,102.33
12/16/2015,102.33
12/17/2015,102.33
12/18/2015,102.33
12/19/2015,102.33
12/20/2015,102.33
12/21/2015,102.11
12/22/2015,102.11
12/23/2015,102.11
12/24/2015,102.11
12/25/2015,102.11
12/26/2015,102.11
12/27/2015,102.11
12/28/2015,102
12/29/2015,102
12/30/2015,102
12/31/2015,102
1/1/2016,102
1/2/2016,102
1/3/2016,102
1/4/2016,101.89
1/5/2016,101.89
1/6/2016,101.89
1/7/2016,101.89
1/8/2016,101.89
1/9/2016,101.89
1/10/2016,101.89
1/11/2016,101.8
1/12/2016,101.8
1/13/2016,101.8
1/14/2016,101.8
1/15/2016,101.8
1/16/2016,101.8
1/17/2016,101.8
1/18/2016,101.42
1/19/2016,101.42
1/20/2016,101.42
1/21/2016,101.42
1/22/2016,101.42
1/23/2016,101.42
1/24/2016,101.42
1/25/2016,101.36
1/26/2016,101.36
1/27/2016,101.36
1/28/2016,101.36
1/29/2016,101.36
1/30/2016,101.36
1/31/2016,101.36
2/1/2016,101.51
2/2/2016,101.51
2/3/2016,101.51
2/4/2016,101.51
2/5/2016,101.51
2/6/2016,101.51
2/7/2016,101.51
2/8/2016,101.45
2/9/2016,101.45
2/10/2016,101.45
2/11/2016,101.45
2/12/2016,101.45
2/13/2016,101.45
2/14/2016,101.45
2/15/2016,101.39
2/16/2016,101.39
2/17/2016,101.39
2/18/2016,101.39
2/19/2016,101.39
2/20/2016,101.39
2/21/2016,101.39
2/22/2016,101.42
2/23/2016,101.42
2/24/2016,101.42
2/25/2016,101.42
2/26/2016,101.42
2/27/2016,101.42
2/28/2016,101.42
2/29/2016,101.46
3/1/2016,101.46
3/2/2016,101.46
3/3/2016,101.46
3/4/2016,101.46
3/5/2016,101.46
3/6/2016,101.46
3/7/2016,101.71
3/8/2016,101.71
3/9/2016,101.71
3/10/2016,101.71
3/11/2016,101.71
3/12/2016,101.71
3/13/2016,101.71
3/14/2016,102.58
3/15/2016,102.58
3/16/2016,102.58
3/17/2016,102.58
3/18/2016,102.58
3/19/2016,102.58
3/20/2016,102.58
3/21/2016,103.4
3/22/2016,103.4
3/23/2016,103.4
3/24/2016,103.4
3/25/2016,103.4
3/26/2016,103.4
3/27/2016,103.4
3/28/2016,104.51
3/29/2016,104.51
3/30/2016,104.51
3/31/2016,104.51
4/1/2016,104.51
4/2/2016,104.51
4/3/2016,104.51
4/4/2016,105.39
4/5/2016,105.39
4/6/2016,105.39
4/7/2016,105.39
4/8/2016,105.39
4/9/2016,105.39
4/10/2016,105.39
4/11/2016,106.41
4/12/2016,106.41
4/13/2016,106.41
4/14/2016,106.41
4/15/2016,106.41
4/16/2016,106.41
4/17/2016,106.41
4/18/2016,107.14
4/19/2016,107.14
4/20/2016,107.14
4/21/2016,107.14
4/22/2016,107.14
4/23/2016,107.14
4/24/2016,107.14
4/25/2016,107.82
4/26/2016,107.82
4/27/2016,107.82
4/28/2016,107.82
4/29/2016,107.82
4/30/2016,107.82
5/1/2016,107.82
5/2/2016,108.19
5/3/2016,108.19
5/4/2016,108.19
5/5/2016,108.19
5/6/2016,108.19
5/7/2016,108.19
5/8/2016,108.19
5/9/2016,108.53
5/10/2016,108.53
5/11/2016,108.53
5/12/2016,108.53
5/13/2016,108.53
5/14/2016,108.53
5/15/2016,108.53
5/16/2016,109.12
5/17/2016,109.12
5/18/2016,109.12
5/19/2016,109.12
5/20/2016,109.12
5/21/2016,109.12
5/22/2016,109.12
5/23/2016,109.79
5/24/2016,109.79
5/25/2016,109.79
5/26/2016,109.79
5/27/2016,109.79
5/28/2016,109.79
5/29/2016,109.79
5/30/2016,110.4
5/31/2016,110.4
6/1/2016,110.4
6/2/2016,110.4
6/3/2016,110.4
6/4/2016,110.4
6/5/2016,110.4
6/6/2016,111.03
6/7/2016,111.03
6/8/2016,111.03
6/9/2016,111.03
6/10/2016,111.03
6/11/2016,111.03
6/12/2016,111.03
6/13/2016,111.22
6/14/2016,111.22
6/15/2016,111.22
6/16/2016,111.22
6/17/2016,111.22
6/18/2016,111.22
6/19/2016,111.22
6/20/2016,111.44
6/21/2016,111.44
6/22/2016,111.44
6/23/2016,111.44
6/24/2016,111.44
6/25/2016,111.44
6/26/2016,111.44
6/27/2016,111.65
6/28/2016,111.65
6/29/2016,111.65
6/30/2016,111.65
7/1/2016,111.65
7/2/2016,111.65
7/3/2016,111.65
7/4/2016,111.89
7/5/2016,111.89
7/6/2016,111.89
7/7/2016,111.89
7/8/2016,111.89
7/9/2016,111.89
7/10/2016,111.89
7/11/2016,111.92
7/12/2016,111.92
7/13/2016,111.92
7/14/2016,111.92
7/15/2016,111.92
7/16/2016,111.92
7/17/2016,111.92
7/18/2016,111.69
7/19/2016,111.69
7/20/2016,111.69
7/21/2016,111.69
7/22/2016,111.69
7/23/2016,111.69
7/24/2016,111.69
7/25/2016,111.05
7/26/2016,111.05
7/27/2016,111.05
7/28/2016,111.05
7/29/2016,111.05
7/30/2016,111.05
7/31/2016,111.05
8/1/2016,109.75
8/2/2016,109.75
8/3/2016,109.75
8/4/2016,109.75
8/5/2016,109.75
8/6/2016,109.75
8/7/2016,109.75
8/8/2016,109.28
8/9/2016,109.28
8/10/2016,109.28
8/11/2016,109.28
8/12/2016,109.28
8/13/2016,109.28
8/14/2016,109.28
8/15/2016,109.63
8/16/2016,109.63
8/17/2016,109.63
8/18/2016,109.63
8/19/2016,109.63
8/20/2016,109.63
8/21/2016,109.63
8/22/2016,110.43
8/23/2016,110.43
8/24/2016,110.43
8/25/2016,110.43
8/26/2016,110.43
8/27/2016,110.43
8/28/2016,110.43
8/29/2016,110.97
8/30/2016,110.97
8/31/2016,110.97
9/1/2016,110.97
9/2/2016,110.97
9/3/2016,110.97
9/4/2016,110.97
9/5/2016,111.31
9/6/2016,111.31
9/7/2016,111.31
9/8/2016,111.31
9/9/2016,111.31
9/10/2016,111.31
9/11/2016,111.31
9/12/2016,111.29
9/13/2016,111.29
9/14/2016,111.29
9/15/2016,111.29
9/16/2016,111.29
9/17/2016,111.29
9/18/2016,111.29
9/19/2016,111.36
9/20/2016,111.36
9/21/2016,111.36
9/22/2016,111.36
9/23/2016,111.36
9/24/2016,111.36
9/25/2016,111.36
9/26/2016,111.65
9/27/2016,111.65
9/28/2016,111.65
9/29/2016,111.65
9/30/2016,111.65
10/1/2016,111.65
10/2/2016,111.65
10/3/2016,112.35
10/4/2016,112.35
10/5/2016,112.35
10/6/2016,112.35
10/7/2016,112.35
10/8/2016,112.35
10/9/2016,112.35
10/10/2016,113.72
10/11/2016,113.72
10/12/2016,113.72
10/13/2016,113.72
10/14/2016,113.72
10/15/2016,113.72
10/16/2016,113.72
10/17/2016,115.2
10/18/2016,115.2
10/19/2016,115.2
10/20/2016,115.2
10/21/2016,115.2
10/22/2016,115.2
10/23/2016,115.2
10/24/2016,116.02
10/25/2016,116.02
10/26/2016,116.02
10/27/2016,116.02
10/28/2016,116.02
10/29/2016,116.02
10/30/2016,116.02
10/31/2016,116.56
11/1/2016,116.56
11/2/2016,116.56
11/3/2016,116.56
11/4/2016,116.56
11/5/2016,116.56
11/6/2016,116.56
11/7/2016,116.5
11/8/2016,116.5
11/9/2016,116.5
11/10/2016,116.5
11/11/2016,116.5
11/12/2016,116.5
11/13/2016,116.5
11/14/2016,114.71
11/15/2016,114.71
11/16/2016,114.71
11/17/2016,114.71
11/18/2016,114.71
11/19/2016,114.71
11/20/2016,114.71
11/21/2016,113.72
11/22/2016,113.72
11/23/2016,113.72
11/24/2016,113.72
11/25/2016,113.72
11/26/2016,113.72
11/27/2016,113.72
11/28/2016,113.66
11/29/2016,113.66
11/30/2016,113.66
12/1/2016,113.66
12/2/2016,113.66
12/3/2016,113.66
12/4/2016,113.66
12/5/2016,114.23
12/6/2016,114.23
12/7/2016,114.23
12/8/2016,114.23
12/9/2016,114.23
12/10/2016,114.23
12/11/2016,114.23
12/12/2016,115
12/13/2016,115
12/14/2016,115
12/15/2016,115
12/16/2016,115
12/17/2016,115
12/18/2016,115
12/19/2016,115.45
12/20/2016,115.45
12/21/2016,115.45
12/22/2016,115.45
12/23/2016,115.45
12/24/2016,115.45
12/25/2016,115.45
12/26/2016,117
12/27/2016,117
12/28/2016,117
12/29/2016,117
12/30/2016,117
12/31/2016,117
1/1/2017,117
1/2/2017,117.98
1/3/2017,117.98
1/4/2017,117.98
1/5/2017,117.98
1/6/2017,117.98
1/7/2017,117.98
1/8/2017,117.98
1/9/2017,118.63
1/10/2017,118.63
1/11/2017,118.63
1/12/2017,118.63
1/13/2017,118.63
1/14/2017,118.63
1/15/2017,118.63
1/16/2017,119.43
1/17/2017,119.43
1/18/2017,119.43
1/19/2017,119.43
1/20/2017,119.43
1/21/2017,119.43
1/22/2017,119.43
1/23/2017,120.01
1/24/2017,120.01
1/25/2017,120.01
1/26/2017,120.01
1/27/2017,120.01
1/28/2017,120.01
1/29/2017,120.01
1/30/2017,120.18
1/31/2017,120.18
2/1/2017,120.18
2/2/2017,120.18
2/3/2017,120.18
2/4/2017,120.18
2/5/2017,120.18
2/6/2017,120.15
2/7/2017,120.15
2/8/2017,120.15
2/9/2017,120.15
2/10/2017,120.15
2/11/2017,120.15
2/12/2017,120.15
2/13/2017,120.2
2/14/2017,120.2
2/15/2017,120.2
2/16/2017,120.2
2/17/2017,120.2
2/18/2017,120.2
2/19/2017,120.2
2/20/2017,120.12
2/21/2017,120.12
2/22/2017,120.12
2/23/2017,120.12
2/24/2017,120.12
2/25/2017,120.12
2/26/2017,120.12
2/27/2017,120.02
2/28/2017,120.02
3/1/2017,120.02
3/2/2017,120.02
3/3/2017,120.02
3/4/2017,120.02
3/5/2017,120.02
3/6/2017,119.8
3/7/2017,119.8
3/8/2017,119.8
3/9/2017,119.8
3/10/2017,119.8
3/11/2017,119.8
3/12/2017,119.8
3/13/2017,118.95
3/14/2017,118.95
3/15/2017,118.95
3/16/2017,118.95
3/17/2017,118.95
3/18/2017,118.95
3/19/2017,118.95
3/20/2017,118.03
3/21/2017,118.03
3/22/2017,118.03
3/23/2017,118.03
3/24/2017,118.03
3/25/2017,118.03
3/26/2017,118.03
3/27/2017,116.93
3/28/2017,116.93
3/29/2017,116.93
3/30/2017,116.93
3/31/2017,116.93
4/1/2017,116.93
4/2/2017,116.93
4/3/2017,117.02
4/4/2017,117.02
4/5/2017,117.02
4/6/2017,117.02
4/7/2017,117.02
4/8/2017,117.02
4/9/2017,117.02
4/10/2017,117.54
4/11/2017,117.54
4/12/2017,117.54
4/13/2017,117.54
4/14/2017,117.54
4/15/2017,117.54
4/16/2017,117.54
4/17/2017,118.15
4/18/2017,118.15
4/19/2017,118.15
4/20/2017,118.15
4/21/2017,118.15
4/22/2017,118.15
4/23/2017,118.15
4/24/2017,118.08
4/25/2017,118.08
4/26/2017,118.08
4/27/2017,118.08
4/28/2017,118.08
4/29/2017,118.08
4/30/2017,118.08
5/1/2017,117.06
5/2/2017,117.06
5/3/2017,117.06
5/4/2017,117.06
5/5/2017,117.06
5/6/2017,117.06
5/7/2017,117.06
5/8/2017,115.6
5/9/2017,115.6
5/10/2017,115.6
5/11/2017,115.6
5/12/2017,115.6
5/13/2017,115.6
5/14/2017,115.6
5/15/2017,115.67
5/16/2017,115.67
5/17/2017,115.67
5/18/2017,115.67
5/19/2017,115.67
5/20/2017,115.67
5/21/2017,115.67
5/22/2017,115.79
5/23/2017,115.79
5/24/2017,115.79
5/25/2017,115.79
5/26/2017,115.79
5/27/2017,115.79
5/28/2017,115.79
5/29/2017,115.82
5/30/2017,115.82
5/31/2017,115.82
6/1/2017,115.82
6/2/2017,115.82
6/3/2017,115.82
6/4/2017,115.82
6/5/2017,115.69
6/6/2017,115.69
6/7/2017,115.69
6/8/2017,115.69
6/9/2017,115.69
6/10/2017,115.69
6/11/2017,115.69
6/12/2017,115.12
6/13/2017,115.12
6/14/2017,115.12
6/15/2017,115.12
6/16/2017,115.12
6/17/2017,115.12
6/18/2017,115.12
6/19/2017,114.43
6/20/2017,114.43
6/21/2017,114.43
6/22/2017,114.43
6/23/2017,114.43
6/24/2017,114.43
6/25/2017,114.43
6/26/2017,113.74
6/27/2017,113.74
6/28/2017,113.74
6/29/2017,113.74
6/30/2017,113.74
7/1/2017,113.74
7/2/2017,113.74
7/3/2017,113.58
7/4/2017,113.58
7/5/2017,113.58
7/6/2017,113.58
7/7/2017,113.58
7/8/2017,113.58
7/9/2017,113.58
7/10/2017,113.89
7/11/2017,113.89
7/12/2017,113.89
7/13/2017,113.89
7/14/2017,113.89
7/15/2017,113.89
7/16/2017,113.89
7/17/2017,113.99
7/18/2017,113.99
7/19/2017,113.99
7/20/2017,113.99
7/21/2017,113.99
7/22/2017,113.99
7/23/2017,113.99
7/24/2017,114.16
7/25/2017,114.16
7/26/2017,114.16
7/27/2017,114.16
7/28/2017,114.16
7/29/2017,114.16
7/30/2017,114.16
7/31/2017,114.78
8/1/2017,114.78
8/2/2017,114.78
8/3/2017,114.78
8/4/2017,114.78
8/5/2017,114.78
8/6/2017,114.78
8/7/2017,115.53
8/8/2017,115.53
8/9/2017,115.53
8/10/2017,115.53
8/11/2017,115.53
8/12/2017,115.53
8/13/2017,115.53
8/14/2017,116.04
8/15/2017,116.04
8/16/2017,116.04
8/17/2017,116.04
8/18/2017,116.04
8/19/2017,116.04
8/20/2017,116.04
8/21/2017,116.4
8/22/2017,116.4
8/23/2017,116.4
8/24/2017,116.4
8/25/2017,116.4
8/26/2017,116.4
8/27/2017,116.4
8/28/2017,116.95
8/29/2017,116.95
8/30/2017,116.95
8/31/2017,116.95
9/1/2017,116.95
9/2/2017,116.95
9/3/2017,116.95
9/4/2017,118.14
9/5/2017,118.14
9/6/2017,118.14
9/7/2017,118.14
9/8/2017,118.14
9/9/2017,118.14
9/10/2017,118.14
9/11/2017,118.85
9/12/2017,118.85
9/13/2017,118.85
9/14/2017,118.85
9/15/2017,118.85
9/16/2017,118.85
9/17/2017,118.85
9/18/2017,118.87
9/19/2017,118.87
9/20/2017,118.87
9/21/2017,118.87
9/22/2017,118.87
9/23/2017,118.87
9/24/2017,118.87
9/25/2017,118.13
9/26/2017,118.13
9/27/2017,118.13
9/28/2017,118.13
9/29/2017,118.13
9/30/2017,118.13
10/1/2017,118.13
10/2/2017,117.16
10/3/2017,117.16
10/4/2017,117.16
10/5/2017,117.16
10/6/2017,117.16
10/7/2017,117.16
10/8/2017,117.16
10/9/2017,117.01
10/10/2017,117.01
10/11/2017,117.01
10/12/2017,117.01
10/13/2017,117.01
10/14/2017,117.01
10/15/2017,117.01
10/16/2017,117.04
10/17/2017,117.04
10/18/2017,117.04
10/19/2017,117.04
10/20/2017,117.04
10/21/2017,117.04
10/22/2017,117.04
10/23/2017,117.06
10/24/2017,117.06
10/25/2017,117.06
10/26/2017,117.06
10/27/2017,117.06
10/28/2017,117.06
10/29/2017,117.06
10/30/2017,117.57
10/31/2017,117.57
11/1/2017,117.57
11/2/2017,117.57
11/3/2017,117.57
11/4/2017,117.57
11/5/2017,117.57
11/6/2017,118.91
11/7/2017,118.91
11/8/2017,118.91
11/9/2017,118.91
11/10/2017,118.91
11/11/2017,118.91
11/12/2017,118.91
11/13/2017,119.67
11/14/2017,119.67
11/15/2017,119.67
11/16/2017,119.67
11/17/2017,119.67
11/18/2017,119.67
11/19/2017,119.67
11/20/2017,120.13
11/21/2017,120.13
11/22/2017,120.13
11/23/2017,120.13
11/24/2017,120.13
11/25/2017,120.13
11/26/2017,120.13
11/27/2017,119.75
11/28/2017,119.75
11/29/2017,119.75
11/30/2017,119.75
12/1/2017,119.75
12/2/2017,119.75
12/3/2017,119.75
12/4/2017,119.91
12/5/2017,119.91
12/6/2017,119.91
12/7/2017,119.91
12/8/2017,119.91
12/9/2017,119.91
12/10/2017,119.91
12/11/2017,119.98
12/12/2017,119.98
12/13/2017,119.98
12/14/2017,119.98
12/15/2017,119.98
12/16/2017,119.98
12/17/2017,119.98
12/18/2017,120
12/19/2017,120
12/20/2017,120
12/21/2017,120
12/22/2017,120
12/23/2017,120
12/24/2017,120
12/25/2017,120
12/26/2017,120
12/27/2017,120
12/28/2017,120
12/29/2017,120
12/30/2017,120
12/31/2017,120
1/1/2018,120.19
1/2/2018,120.19
1/3/2018,120.19
1/4/2018,120.19
1/5/2018,120.19
1/6/2018,120.19
1/7/2018,120.19
1/8/2018,120.52
1/9/2018,120.52
1/10/2018,120.52
1/11/2018,120.52
1/12/2018,120.52
1/13/2018,120.52
1/14/2018,120.52
1/15/2018,120.96
1/16/2018,120.96
1/17/2018,120.96
1/18/2018,120.96
1/19/2018,120.96
1/20/2018,120.96
1/21/2018,120.96
1/22/2018,121.5
1/23/2018,121.5
1/24/2018,121.5
1/25/2018,121.5
1/26/2018,121.5
1/27/2018,121.5
1/28/2018,121.5
1/29/2018,121.69
1/30/2018,121.69
1/31/2018,121.69
2/1/2018,121.69
2/2/2018,121.69
2/3/2018,121.69
2/4/2018,121.69
2/5/2018,121.73
2/6/2018,121.73
2/7/2018,121.73
2/8/2018,121.73
2/9/2018,121.73
2/10/2018,121.73
2/11/2018,121.73
2/12/2018,121.58
2/13/2018,121.58
2/14/2018,121.58
2/15/2018,121.58
2/16/2018,121.58
2/17/2018,121.58
2/18/2018,121.58
2/19/2018,120.52
2/20/2018,120.52
2/21/2018,120.52
2/22/2018,120.52
2/23/2018,120.52
2/24/2018,120.52
2/25/2018,120.52
2/26/2018,119.55
2/27/2018,119.55
2/28/2018,119.55
3/1/2018,119.55
3/2/2018,119.55
3/3/2018,119.29
3/4/2018,119.29
3/5/2018,119.29
3/6/2018,119.29
3/7/2018,119.29
3/8/2018,119.29
3/9/2018,119.29
3/10/2018,119.29
3/11/2018,119.29
3/12/2018,119.11
3/13/2018,119.11
3/14/2018,119.11
3/15/2018,119.11
3/16/2018,119.11
3/17/2018,119.11
3/18/2018,119.11
3/19/2018,119.17
3/20/2018,119.17
3/21/2018,119.17
3/22/2018,119.17
3/23/2018,119.17
3/24/2018,119.17
3/25/2018,119.17
3/26/2018,119.23
3/27/2018,119.23
3/28/2018,119.23
3/29/2018,119.23
3/30/2018,119.23
3/31/2018,119.23
4/1/2018,119.23
4/2/2018,119.43
4/3/2018,119.43
4/4/2018,119.43
4/5/2018,119.43
4/6/2018,119.43
4/7/2018,119.43
4/8/2018,119.43
4/9/2018,119.96
4/10/2018,119.96
4/11/2018,119.96
4/12/2018,119.96
4/13/2018,119.96
4/14/2018,119.96
4/15/2018,119.96
4/16/2018,120.56
4/17/2018,120.56
4/18/2018,120.56
4/19/2018,120.56
4/20/2018,120.56
4/21/2018,120.56
4/22/2018,120.56
4/23/2018,121.44
4/24/2018,121.44
4/25/2018,121.44
4/26/2018,121.44
4/27/2018,121.44
4/28/2018,121.44
4/29/2018,121.44
4/30/2018,122.22
5/1/2018,122.22
5/2/2018,122.22
5/3/2018,122.22
5/4/2018,122.22
5/5/2018,122.22
5/6/2018,122.22
5/7/2018,123.27
5/8/2018,123.27
5/9/2018,123.27
5/10/2018,123.27
5/11/2018,123.27
5/12/2018,123.27
5/13/2018,123.27
5/14/2018,124.32
5/15/2018,124.32
5/16/2018,124.32
5/17/2018,124.32
5/18/2018,124.32
5/19/2018,124.32
5/20/2018,124.32
5/21/2018,125.93
5/22/2018,125.93
5/23/2018,125.93
5/24/2018,125.93
5/25/2018,125.93
5/26/2018,125.93
5/27/2018,125.93
5/28/2018,127.58
5/29/2018,127.58
5/30/2018,127.58
5/31/2018,127.58
6/1/2018,127.58
6/2/2018,127.58
6/3/2018,127.58
6/4/2018,128.43
6/5/2018,128.43
6/6/2018,128.43
6/7/2018,128.43
6/8/2018,128.43
6/9/2018,128.43
6/10/2018,128.43
6/11/2018,128.61
6/12/2018,128.61
6/13/2018,128.61
6/14/2018,128.61
6/15/2018,128.61
6/16/2018,128.61
6/17/2018,128.61
6/18/2018,127.92
6/19/2018,127.92
6/20/2018,127.92
6/21/2018,127.92
6/22/2018,127.92
6/23/2018,127.92
6/24/2018,127.92
6/25/2018,127.18
6/26/2018,127.18
6/27/2018,127.18
6/28/2018,127.18
6/29/2018,127.18
6/30/2018,127.18
7/1/2018,127.18
7/2/2018,126.54
7/3/2018,126.54
7/4/2018,126.54
7/5/2018,126.54
7/6/2018,126.54
7/7/2018,126.54
7/8/2018,126.54
7/9/2018,126.97
7/10/2018,126.97
7/11/2018,126.97
7/12/2018,126.97
7/13/2018,126.97
7/14/2018,126.97
7/15/2018,126.97
7/16/2018,127.47
7/17/2018,127.47
7/18/2018,127.47
7/19/2018,127.47
7/20/2018,127.47
7/21/2018,127.47
7/22/2018,127.47
7/23/2018,127.5
7/24/2018,127.5
7/25/2018,127.5
7/26/2018,127.5
7/27/2018,127.5
7/28/2018,127.5
7/29/2018,127.5
7/30/2018,127.54
7/31/2018,127.54
8/1/2018,127.54
8/2/2018,127.54
8/3/2018,127.54
8/4/2018,127.54
8/5/2018,127.54
8/6/2018,128.02
8/7/2018,128.02
8/8/2018,128.02
8/9/2018,128.02
8/10/2018,128.02
8/11/2018,128.02
8/12/2018,128.02
8/13/2018,128.39
8/14/2018,128.39
8/15/2018,128.39
8/16/2018,128.39
8/17/2018,128.39
8/18/2018,128.39
8/19/2018,128.39
8/20/2018,128.79
8/21/2018,128.79
8/22/2018,128.79
8/23/2018,128.79
8/24/2018,128.79
8/25/2018,128.79
8/26/2018,128.79
8/27/2018,129.18
8/28/2018,129.18
8/29/2018,129.18
8/30/2018,129.18
8/31/2018,129.18
9/1/2018,129.18
9/2/2018,129.18
9/3/2018,129.76
9/4/2018,129.76
9/5/2018,129.76
9/6/2018,129.76
9/7/2018,129.76
9/8/2018,129.76
9/9/2018,129.76
9/10/2018,130.24
9/11/2018,130.24
9/12/2018,130.24
9/13/2018,130.24
9/14/2018,130.24
9/15/2018,130.24
9/16/2018,130.24
9/17/2018,130.59
9/18/2018,130.59
9/19/2018,130.59
9/20/2018,130.59
9/21/2018,130.59
9/22/2018,130.59
9/23/2018,130.59
9/24/2018,130.59
9/25/2018,131.59
9/26/2018,131.59
9/27/2018,131.59
9/28/2018,131.59
